,EBZ,EBPA(0.3),EBPA(0.35),EBPA(0.40),EBPA(0.45),EBPA(0.50)
0,"[0.36763694908038036, 0.5135463656572731, 0.45313486862489327, 0.5515365300485073, 0.4738813692779671]","[0.2314179155866939, 0.14380104260206572, 0.2046453822137042, 0.4954179112445797, 0.3759912965487665]","[0.279230402704729, 0.3246919463542409, 0.3577952238396479, 0.42612887216277207, 0.3442950570742208]","[0.2924632919860388, 0.449140587395356, 0.34007397844254417, 0.474631319700885, 0.44509490128305607]","[0.4124893038785601, 0.44281059532844524, 0.4258870260851807, 0.5320147235439909, 0.43699035170721556]","[0.4254331137534062, 0.5031196053891487, 0.4669915778364099, 0.5691633491008102, 0.4730190372927763]"
1,"[0.15070361595784054, 0.5741115804425461, 0.5841571846678139, 0.5882160155000447, 0.5897587250177504]","[0.0567308731027929, 0.28025654235105746, 0.18305554824366443, 0.2986904913406382, 0.25781582180908846]","[0.05384029881895058, 0.30274702591390124, 0.18304209400290483, 0.29761522554265873, 0.2546581314358366]","[0.06794567437462151, 0.36051847526351977, 0.20465514244251648, 0.3208028526881449, 0.31953045526863844]","[0.08639611581606876, 0.407161550879078, 0.37325158065939734, 0.4551436500654251, 0.4050148957352596]","[0.10351848685625031, 0.4647655532277505, 0.40966734201817834, 0.47062569644674757, 0.42990699854637116]"
2,"[0.5845041936488949, 0.5810148118406722, 0.5631179965818339, 0.49950354944262965, 0.5743488657729022]","[0.27301172678226193, 0.25983621408880364, 0.3142808499441688, 0.1643338456350233, 0.2685878246345408]","[0.3112639083526785, 0.25062028978901396, 0.32718135977225704, 0.23168346236735082, 0.26113019340951205]","[0.26471295322869115, 0.353719134970216, 0.3078663079067814, 0.2041975758097485, 0.23148517763138887]","[0.3601193036391859, 0.46096327340227106, 0.4090888837465103, 0.2628051592672793, 0.35478352486025955]","[0.3522182985954474, 0.4456638297569516, 0.34093629538227965, 0.3769874917775152, 0.35045975553332964]"
3,"[0.5791426438948357, 0.5598652408777796, 0.464312369669188, 0.5706240027641081, 0.578088411031229]","[0.574101251952242, 0.18309877602904023, 0.43137801107299356, 0.1275932354094954, 0.18391188326154362]","[0.546887458793295, 0.31237684759046014, 0.4591190161744422, 0.22757377888911923, 0.20748725271053048]","[0.5475043112667122, 0.28335149527646464, 0.4274068798488261, 0.20428243490270526, 0.19694068131149645]","[0.5534117120585265, 0.2867675957869552, 0.44761062402244145, 0.22299134891762895, 0.2004071596816991]","[0.5637965674901464, 0.4689629098287207, 0.45807992361458805, 0.49292652613125987, 0.4945575294037623]"
4,"[0.553322952598499, 0.5672817801468539, 0.5851163390429897, 0.5827856679789071, 0.5877570293944483]","[0.21696009880487588, 3.5628915817653706e-08, 0.09254069133586862, 0.3113853903294901, 0.3362524441472343]","[0.17427250069836708, 0.18371806827539883, 0.3610266397626518, 0.24592869905190184, 0.40292685740993617]","[0.026286475078148075, 0.12930723733485638, 0.14267860796299936, 0.2699840914407745, 0.36286591900750476]","[0.08991200350077477, 0.257108843014039, 0.19762863004843856, 0.2669266498948406, 0.24907158317199285]","[0.326232005592496, 0.46141789746321993, 0.5046807707679785, 0.2586627079609194, 0.3751097100148889]"
5,"[0.3906429804081021, 0.47872521754583475, 0.550563333839915, 0.20548798827089876, 0.30007545976152417]","[0.36859001898041444, 0.44372260357581594, 0.42455910325159163, 0.20835099904948784, 0.0790222670470504]","[0.3602105449887978, 0.4831476986198333, 0.43279832256877704, 0.21723890249800348, 0.0599047377639651]","[0.3809129912087815, 0.48657804506108016, 0.4292698206829312, 0.2167003349956098, 0.20655835426871494]","[0.3851579304021612, 0.48361657766161337, 0.43196410788636863, 0.2149688587330536, 0.08657362403180013]","[0.3455059384241379, 0.36283437114736794, 0.32227294054555167, 0.15702192416838956, 0.0005382717040872675]"
6,"[0.3142479331752428, 0.572490853606707, 0.24613147066512298, 0.46504682640855677, 0.5019164647362238]","[0.28611086726577073, 0.3364446793770669, 0.24182786800413036, 0.32135766551779266, 0.314170604654319]","[0.29038082232322393, 0.4182227972669935, 0.24791330754927754, 0.39060515492314274, 0.35757647919518976]","[0.2989954291721414, 0.4208241606055504, 0.24442454821610027, 0.4299925716588906, 0.3422460313077944]","[0.31377223107747554, 0.46127467168656255, 0.24900447479246535, 0.41289556590677257, 0.41628254255087493]","[0.31803084419699024, 0.4651174193320122, 0.24813238286789585, 0.4547611109560292, 0.45944824418596253]"
7,"[0.5566366933794502, 0.2802965034765794, 0.5232180525924008, 0.3526024074330567, 0.5169078199864245]","[0.33981663401835394, 0.17223645236255125, 0.3017010945090479, 0.33160897666771605, 0.1795632343045459]","[0.39664505233597325, 0.24616631859406435, 0.3846160269697786, 0.3418851904261707, 0.37785921057913585]","[0.4583686914488022, 0.2636645767173599, 0.46027913277711696, 0.34906213649982964, 0.44472161613365013]","[0.43746481620863653, 0.271764965549696, 0.5067949250498993, 0.3504129983140265, 0.47436250120670564]","[0.5024724765918728, 0.28790388464520345, 0.5250486942682577, 0.363096972037399, 0.5633273048049354]"
8,"[0.4395966683653807, 0.4830629976985168, 0.5683860359822035, 0.4733129997248203, 0.3796443247026279]","[0.2255080115720035, 0.2865432607874634, 0.38279956495528844, 0.21505215746317397, 0.3795770650763366]","[0.30695756663283236, 0.2899629071942824, 0.38885410711436796, 0.26304915900167514, 0.38492956816661383]","[0.24945126535288353, 0.30948862573409286, 0.36604537955737426, 0.29187958757234933, 0.3845723407886672]","[0.359330411672223, 0.4055866252293583, 0.41461161642702626, 0.2833136474854674, 0.3873687395645735]","[0.4934257635369521, 0.47946652240624754, 0.5249987235677601, 0.45680080571022275, 0.404562651608108]"
9,"[0.4579493098087821, 0.5876071169356476, 0.46172215106666026, 0.5915395484101392, 0.5970985183137183]","[0.47462317175878665, 0.13067370523450106, 0.4363418251992316, 0.10341451476536767, 0.3828238325822193]","[0.47322893089857176, 0.1612343135466935, 0.45455439163957767, 0.09509940547365003, 0.38940848440926634]","[0.49406866002912353, 0.435729660457421, 0.46954739901834786, 0.14071243782234066, 0.39487094913486964]","[0.46773331071128943, 0.3787281792258863, 0.4551414223133019, 0.13168394700850183, 0.38828509762255903]","[0.4421762142456088, 0.49516632175810227, 0.45141032292061756, 0.503217811099, 0.5246038225079821]"
10,"[0.48498231362694577, 0.4124454693978993, 0.5430461327405527, 0.40613203481726023, 0.44268028791474046]","[0.17424991812726043, 0.4004387818317564, 0.1640888414740005, 0.13553558246146946, 0.2333399294736883]","[0.2885155140503465, 0.40070066633013546, 0.16208238939148645, 0.14710160499564895, 0.19281992199139664]","[0.1952129216098476, 0.3801749768781777, 0.1718521813279983, 0.1429644309747662, 0.2238286409171777]","[0.37184286580034887, 0.4131452666175426, 0.19569505328375691, 0.3180372530093911, 0.371483986747694]","[0.4550358128710136, 0.43489474312420406, 0.49585617170993246, 0.3639406566117398, 0.38282648534186003]"
11,"[0.5834833170159411, 0.546976215596352, 0.29590890529755765, 0.49465938520901376, 0.5777351712729162]","[0.03972187767337365, 0.1581003474546243, 0.24461804703577172, 0.28344820026502193, 0.2007043802542151]","[0.3677676894305011, 0.3477699223029158, 0.2805129143204559, 0.3070064685698598, 0.40618452892501566]","[0.4313857213665979, 0.4186004525122252, 0.27451197905191926, 0.3302009011725926, 0.4221338117185206]","[0.4696892102548603, 0.4899250109630148, 0.2795301388233188, 0.412138094719523, 0.454169275953224]","[0.4976691905577735, 0.5015710596035581, 0.2946931688439154, 0.4518306236064995, 0.5161691867058741]"
12,"[0.5800358064824974, 0.5999874356571655, 0.5652374577694963, 0.5749763149433326, 0.5891688475959145]","[0.255005821171274, 0.10151684435686559, 0.1649225431551341, 0.09242735727525186, 0.12654483396136218]","[0.23557063556164082, 0.0996884889110008, 0.1647507661844183, 0.08005529712534043, 0.12766305926589283]","[0.25361944731672326, 0.10944841044790532, 0.17922820174979504, 0.18326370125059244, 0.12501924256027508]","[0.17490862690280973, 0.09157082411022899, 0.14462479759089208, 0.09391651262506184, 0.12706281507575645]","[0.33792213258066583, 0.11326817620671437, 0.18949854691825818, 0.24371833171699664, 0.13673713491960515]"
13,"[0.5376234486125786, 0.48808584149900613, 0.5799542799754416, 0.5838981368423446, 0.5785969883967541]","[0.0005358735530494041, 0.0024950656662448, 1.7811270850431882e-06, 0.029617477104962098, 0.30777220428066476]","[0.09090781866553577, 1.0840713497217713e-05, 6.185666325597694e-06, 0.005294467174266626, 0.1043196710024975]","[0.12085463363523385, 1.7117239736741396e-08, 0.01892200906347663, 0.29135832548702467, 0.2951980706022007]","[0.42513314181077533, 0.4090733676907523, 0.4599075146966396, 0.4612779535862075, 0.48549443980829243]","[0.48566072570262353, 0.33353050973670084, 0.5547594775791531, 0.536103664759684, 0.5280137303879353]"
14,"[0.49351427698260864, 0.5633267388900246, 0.5280289116031899, 0.5673565306750011, 0.5854599585929373]","[0.3243466909623086, 0.12708245251308115, 0.15595644831340805, 0.04202710184699798, 0.17806321897158062]","[0.3985257560876333, 0.14900650273190907, 0.5563969319449181, 0.045167323728380615, 0.16792320794821325]","[0.34487657293197205, 0.173099582301108, 0.35587649570637403, 0.34728569062034875, 0.3479566411356604]","[0.3940338474156275, 0.4087300028523506, 0.3807489339247314, 0.39269368416766737, 0.4422441596607478]","[0.4139232536741677, 0.45783853290939447, 0.44244549373276343, 0.45716969670885077, 0.47778585208316804]"
15,"[0.3020189108514, 0.5610420094598954, 0.583730918839163, 0.20208761047341373, 0.3333662624527546]","[0.2625791129095655, 0.09178760772904493, 0.20817806907255265, 0.15881319135042438, 0.007877352565978657]","[0.28506559370716344, 0.17080500741148164, 0.2975568704632806, 0.18628988273948288, 0.12845090317979824]","[0.2441362095766817, 0.4934719685958273, 0.3046650343142361, 0.2053604284066598, 0.3474360819530151]","[0.2508549086062001, 0.11271108768847038, 0.2279473567198409, 0.1744124982537465, 7.3641838211901955e-06]","[0.13342775832917808, 0.10623757794471478, 0.3283330659713769, 0.14351042499330535, 0.001297187412220735]"
16,"[0.4904479551839941, 0.3454567402406574, 0.5777090222890047, 0.5613931470967733, 0.5450765368741395]","[0.16261790055630643, 0.2917865480160202, 0.009230651024837555, 0.10969830754009136, 5.110355701831715e-06]","[0.1023829781117157, 0.28666173984518784, 1.235567763657741e-07, 0.07119333099321223, 0.10110374444256265]","[0.1420584546826852, 0.3538863058823558, 8.288526648136951e-06, 0.07520084117414894, 0.025063957961898087]","[0.1944561589707634, 0.3767593214704431, 0.3523645367242436, 0.0842162408985292, 0.512699967113664]","[0.40395680336785844, 0.3196426313161893, 0.4761138385720425, 0.49155648903573623, 0.4829219867407939]"
17,"[0.5992300688650346, 0.4677454417115322, 0.5999977813128533, 0.38752190331447156, 0.5999378692436094]","[0.6, 0.00553380263046388, 0.5688881340032189, 7.971506336246215e-06, 0.3512992248052935]","[0.39236289551904313, 7.36617213181745e-06, 0.4021012626937318, 0.3853095374903046, 0.5814329617500873]","[0.4016695970726053, 5.897779766783628e-07, 0.5999892153795964, 0.3980228076115806, 0.5999864064503286]","[0.5984516630804922, 0.08270908894178952, 0.5889138776204527, 0.3837158554030301, 0.594476251176459]","[0.5985530884670328, 0.4654461504151137, 0.5358297353328558, 0.3093196297609787, 0.5939471023661097]"
18,"[0.5942155607056113, 0.5914808687990327, 0.5786861402919627, 0.5624863025445002, 0.5832471116025242]","[1.5735007153683256e-05, 0.31327304824532176, 0.0005107619533820662, 0.0007466892962577631, 0.007863912012669005]","[1.6153140194319349e-06, 0.3347878813395909, 4.214528221979652e-05, 0.04239884478868572, 0.09224778815885015]","[0.03815371620621, 0.28538778725789626, 2.855076021157643e-06, 7.206078311838837e-07, 0.32278053496558845]","[0.4122776663883364, 0.328327362431698, 0.4868120977354199, 0.41269834783931836, 0.43100127113002673]","[0.019375008688581774, 0.24472956421547332, 4.772738095959461e-06, 0.1404518467649195, 1.4873143205917927e-07]"
19,"[0.5693572526415761, 0.5768836707791118, 0.55469187915177, 0.5245732714144691, 0.5061827214621806]","[0.34302251406626505, 0.4972777764457754, 0.16266969077623494, 0.2650622039191781, 0.2268317414915454]","[0.3698905224098056, 0.4542362093030414, 0.16268988430893538, 0.3761232546740081, 0.38649946841755833]","[0.5820702436925754, 0.256210339349339, 0.18492442533221565, 0.48806555949062036, 0.34250198097285545]","[0.3366021567177523, 0.4039186314491606, 0.370376745380819, 0.3360680865034922, 0.33787605149273514]","[0.3707576624117034, 0.3822390939548631, 0.42771695514610963, 0.3233042791163414, 0.351632260030307]"
20,"[0.5170407881872481, 0.40227073323863705, 0.5912065229891009, 0.5455633096864401, 0.4711343242483481]","[0.08412590926531771, 0.2956794313762694, 0.45627412953669255, 0.28498316980576366, 0.37416426390059054]","[0.19023474183267663, 0.31665756432321124, 0.5069811892628414, 0.31086373741459816, 0.4233766796700389]","[0.34720335018054027, 0.3482815484538987, 0.5454948808268315, 0.32629805385495325, 0.4326692549416651]","[0.4438103490406048, 0.3726257359380689, 0.560593545468725, 0.3517498382734624, 0.4398238273149615]","[0.4848182358928306, 0.38077949821641854, 0.5690636571386191, 0.35677289197014705, 0.4454005332108931]"
21,"[0.19433151590987285, 0.5636822327342317, 0.40529637897970106, 0.46212423387765544, 0.3732355583212873]","[0.22108653195253336, 0.48630630825039756, 0.412135558875233, 0.18796198669650177, 0.1947697502417265]","[0.19339743937838527, 0.4718297352659263, 0.4270744922455494, 0.31973899574626585, 0.334512077720287]","[0.18211467481850263, 0.5031910173165466, 0.3882726699063017, 0.41768513576719823, 0.34128276258824053]","[0.1841262363623143, 0.5377560282647049, 0.37929709959048297, 0.4587683574586875, 0.3314379470263208]","[0.205187507525461, 0.5408637886761789, 0.39839368804840447, 0.5058051818369746, 0.4216750100436285]"
22,"[0.5940457640900336, 0.5977294184390669, 0.5961224739953529, 0.5951789970295753, 0.5405956307440534]","[0.1521184203134811, 3.6112274132138467e-06, 0.09974417286952819, 4.9316674865074184e-05, 0.1800816397746986]","[2.381431937281686e-05, 0.023044471952353707, 0.12132828102595916, 0.00016187261932254504, 0.23824833141490576]","[0.08092561163065926, 0.01354407687520287, 1.0275237754320266e-05, 4.01307437614129e-07, 0.09519339937375682]","[0.23762025635203576, 0.3673062691889135, 8.938661322233088e-08, 0.4009289770826082, 0.0750881147529836]","[2.926389703894472e-07, 0.5354381974790322, 0.23352106888234625, 2.0579515578877938e-05, 0.3098515379849539]"
23,"[0.4899471192436512, 0.5693571123312933, 0.5757956964854651, 0.5710920203301157, 0.5306752004564477]","[0.5248948193767659, 1.5099812356034192e-07, 0.11195203218168326, 0.5810692317301153, 0.009419877569800672]","[0.18479792556560481, 0.23791599184030565, 0.18158920129808442, 0.13225710114182732, 0.3281650177593537]","[0.15035427594228667, 0.19680314227922935, 0.28845598796593885, 0.2815976764151602, 0.18629779419935766]","[0.18409896677878212, 0.1919698344886882, 0.2304001815819806, 0.2567673332679875, 0.25851255653525385]","[0.27297208273223206, 0.22431738522846534, 0.18843586867268325, 0.339590771153953, 0.13952611208410393]"
24,"[0.3603027769094954, 0.45268406303417086, 0.5963514235801564, 0.5979094117481852, 0.4591725404861907]","[0.08204536388634764, 0.2415449547686409, 0.40940089004366753, 0.523210681593044, 0.236409164187263]","[0.25259887439001727, 0.22138450106648888, 0.3720710170389442, 0.3712093716403545, 0.2744038950546218]","[0.30881533704788433, 0.4322759129072117, 0.5434857295898138, 0.48687076207005486, 0.22825589877696484]","[0.36101650028314425, 0.4457307414156503, 0.48078829997072636, 0.5693912831434925, 0.39356208643401025]","[0.3583650342930782, 0.45619936627527813, 0.5987927404228587, 0.5981843131343447, 0.45861469509609265]"
25,"[0.557885065375878, 0.5726617180596258, 0.5730854117779087, 0.5876881766493943, 0.45104090851645384]","[0.17746289404982307, 0.24834478064339716, 0.18604328374095003, 0.4518443774386527, 0.43274654245093636]","[0.31687697021706573, 0.24897238558064727, 0.24595009276197766, 0.514504521114071, 0.42138189513905977]","[0.31659750633328754, 0.2566728039394379, 0.2482645429293826, 0.5101945997327673, 0.4197667637052026]","[0.32251001417112724, 0.25737882164964465, 0.24543278811475255, 0.5620691086537679, 0.4389053345845628]","[0.375611099327923, 0.4843854136263449, 0.4854317694561928, 0.5827637910743717, 0.46733223839356575]"
26,"[0.5689069729621045, 0.4193086351874804, 0.5528303007071794, 0.5489921956917913, 0.5514000238933936]","[0.12066966841064197, 0.04618402770205865, 0.006211403566490414, 1.315980226568314e-06, 1.1094982668491404e-05]","[0.19262086439322168, 0.16406299252250234, 0.1076122211390611, 0.0006303519700719962, 0.03731968531299801]","[0.14239339655808148, 0.12664308906533084, 0.018787498017477255, 3.4517400713252044e-06, 0.031048469414459268]","[0.1154761282653951, 0.28641162763096306, 0.00015359632159805958, 3.8221094750268136e-05, 0.015497471255983553]","[4.421858587955185e-06, 0.1380597144797736, 0.12540465559159475, 0.16776860124298953, 0.04182752570648274]"
27,"[0.5533789230417786, 0.5526515311604769, 0.5653860255691263, 0.5786694196934387, 0.44450785271003546]","[0.30695068128928804, 0.31476941571994477, 0.1866669709236658, 0.09517451062626947, 0.07602130690796971]","[0.357628616103454, 0.3125073294973917, 0.2285814037003402, 0.10426134633944628, 0.16891529605639677]","[0.3819122280292656, 0.304033662792458, 0.28907505816131396, 0.3109322614362454, 0.24849758880980044]","[0.42469058967178575, 0.31709737878358224, 0.3733662559665597, 0.39088514665350516, 0.3269236573497454]","[0.42515683704073337, 0.31600148323340504, 0.3824343959294565, 0.41064664866210576, 0.3636950551661763]"
28,"[0.4934856977469392, 0.5880094445408715, 0.5548021766051221, 0.4865924929384222, 0.5557916838255256]","[0.4151113641238978, 0.26537007029995174, 8.18345820219335e-07, 0.48357344866687124, 0.2042761146315475]","[0.37042819418711304, 0.2214070586581376, 0.09403924750463155, 0.44495583289965657, 0.21798914499497768]","[0.38930386053175825, 0.24728710817727628, 0.27339587926304265, 0.46470212049867343, 0.2356002987957566]","[0.4179569648982263, 0.2446415744106667, 2.3147872723061624e-06, 0.45984020498160183, 0.21931692642002076]","[0.4884270341141005, 0.5103322518546111, 0.5095219746151607, 0.4796272553236558, 0.5090621761705989]"
29,"[0.3820954814741364, 0.5574332161802217, 0.5573419475923046, 0.5705684328337006, 0.5719663507440689]","[0.2991691222189339, 1.629541090952813e-08, 0.14451956563300972, 0.07007097742735091, 0.07538200952258711]","[0.33778650468437876, 0.31921243723552417, 0.3016326014225392, 0.3529099899253556, 0.3494556648551116]","[0.35430318151770757, 0.37199571056011993, 0.3623638554387043, 0.3849176971389189, 0.4051537858821679]","[0.3714832640780644, 0.44124886179174627, 0.44166680810271675, 0.45928116152387033, 0.4686330104897163]","[0.38132224044520957, 0.4989186071620584, 0.5117875262184375, 0.5109887626130253, 0.5195688643431436]"
30,"[0.5572952914875187, 0.5578451335828726, 0.3652078387556391, 0.5425807687236078, 0.5494862305604277]","[0.5998764058759151, 0.046526201651904686, 0.33650295212447356, 0.22025389226387337, 0.2628782540517781]","[0.30949427825214715, 0.2374685421106003, 0.10457730440987212, 2.0778902914964092e-06, 0.22626927265299246]","[0.4445198032393559, 0.3604829930991009, 0.32995160499642573, 0.3765482503156947, 0.381429606237935]","[0.47045325000850835, 0.4744128645380391, 0.3575386480604482, 0.4601599392126944, 0.4373959596651853]","[0.5381832487574156, 0.48863793569833514, 0.36347462115278195, 0.517582627781837, 0.5527744565762911]"
31,"[0.5320582331112643, 0.5410771251217475, 0.5280218594896458, 0.3599500541754844, 0.5921679758550401]","[0.09515803580471915, 0.3716580232693909, 0.14751560115764029, 0.31324484389330254, 0.5471956283258012]","[0.05480060636180839, 0.3427143962849809, 0.14791120060746388, 0.3158903571877486, 0.543133947388896]","[0.36974932411560646, 0.3890639285540276, 0.3363537036707528, 0.3337760634068774, 0.5706699045190666]","[0.3941329234945279, 0.4097373483306498, 0.46870326830118336, 0.3434548578218566, 0.5765956264545752]","[0.5102478421454032, 0.5246661663338109, 0.507684136847747, 0.355330304670992, 0.5856056900366726]"
32,"[0.520353425270554, 0.5865682424250792, 0.5495205603336617, 0.5700156169006815, 0.5748510250193244]","[0.24774339648945498, 0.37504274355403333, 0.2013906441702884, 0.25654528588280234, 0.2879591576666296]","[0.2989733856937197, 0.3887183644773192, 0.20910670705601286, 0.2723461484211217, 0.2738788216611502]","[0.5123307606115304, 0.3992657038592472, 0.08070844691945755, 0.34907804338354764, 0.27517571040284905]","[0.4447255839904457, 0.40251807923401295, 0.404547608567035, 0.4012915256623697, 0.3725466894721645]","[0.45353240457446564, 0.4082564603719657, 0.43943148607715643, 0.36586787240836693, 0.34984873090431323]"
33,"[0.4774559644214469, 0.5065827782187398, 0.5626460327384782, 0.2601614150440471, 0.5826901919508294]","[0.36312269673205066, 8.089311499537288e-07, 0.09986879794897219, 0.15600386447001469, 0.30197304818938087]","[0.4175599294853948, 0.00877475851986198, 0.29400027532275297, 0.2027455325617119, 0.2477033577864639]","[0.4752252557128387, 0.40888083281545917, 0.45799035624683004, 0.2534552810167633, 0.404697009938212]","[0.46471347417144293, 0.46295449535157374, 0.48933930320601227, 0.24713459768527601, 0.4827981257386521]","[0.4697861369090339, 0.48196483688082403, 0.504121034028302, 0.2564376731204864, 0.49866189630913205]"
34,"[0.5551985235609052, 0.4701783142952468, 0.5460057625840523, 0.5100333651639184, 0.5011309911834517]","[0.34116980238316064, 3.3693088319353137e-09, 0.47216082879878885, 0.44862138573439125, 0.2316571281565578]","[0.5450076744221756, 0.10910814440166938, 0.4952915888086049, 0.491015662350629, 0.11071491249190268]","[0.5084163919265424, 0.26037232516426323, 0.4983271781072617, 0.4908641905644924, 0.23950112730425044]","[0.5487942230727415, 0.33806577142499106, 0.5199528504758956, 0.5035618107746529, 0.34101768474768424]","[0.5648781879179418, 0.39123667660845485, 0.5460021322612544, 0.5187043549660689, 0.45927562449712733]"
35,"[0.5645524434349691, 0.22218511371615113, 0.551629297499642, 0.5541026119942787, 0.5773477792548375]","[0.2939236479936427, 0.17370054004436342, 0.35231550068335016, 0.2982272019975245, 0.31128386177819745]","[0.36449272974676405, 0.18366856035164925, 0.3956305305200074, 0.40727113761096156, 0.38984046881747103]","[0.3915505577358829, 0.1961580108361639, 0.4096906979896672, 0.4197169667253955, 0.4143728353031533]","[0.42252943847834945, 0.20963252960154577, 0.43040227459671043, 0.46343168869133655, 0.4507511948848587]","[0.4978239284961179, 0.21612463493344802, 0.49115936293299756, 0.4819995941018014, 0.5050399577461152]"
36,"[0.5322728290133486, 0.5442554428996723, 0.5605112199818794, 0.5591018928711631, 0.45564657402880115]","[0.1667468424425177, 0.0002272840135747467, 1.8147133046264585e-05, 0.20750327145612257, 0.46432112670139203]","[0.05057530374164265, 2.2718595837911693e-07, 0.42210691313258053, 0.009930137104357195, 5.2585220184919734e-06]","[0.16543230157086886, 0.19234746347633613, 3.8793996126607055e-08, 0.1374296053309212, 0.12900973289895323]","[0.11535345715065914, 0.15250061810125803, 0.3064142385327827, 0.05705182371630435, 4.406183692351462e-07]","[0.43873226151197664, 0.4717501392841794, 0.4649389767207588, 0.48370608089088263, 0.36820113049720926]"
37,"[0.5490927842028144, 0.5757133470285387, 0.5146272726003536, 0.5702041497525409, 0.5745044434359536]","[0.21866152300702324, 0.11923500522774266, 0.30266805281005826, 0.13575998113369303, 0.17235671964467647]","[0.28946376897503245, 0.3579264029632999, 0.4994966704209721, 0.20925146827240915, 0.1188028082170427]","[0.5365776345824221, 0.27575139085510403, 0.28906131137463953, 0.33266762771008196, 0.17814696951240439]","[0.24855682221805764, 0.43193097551956683, 0.2557237117447193, 0.2975586459701499, 0.16127286552981834]","[0.2638494786465533, 0.42509655847838135, 0.26128963594398136, 0.21431261430757786, 0.1552032361228538]"
38,"[0.5597309963657064, 0.58487751474613, 0.49002754896816314, 0.3732669180419915, 0.5831958064416852]","[0.22386521209019172, 0.3899225360080095, 0.3976327931115443, 0.3057746049828507, 3.004117561489217e-06]","[0.27211402156854214, 0.5188962305339803, 0.42354190885454246, 0.34886857437116126, 0.07531297357714639]","[0.3380399393589604, 0.5475633626062983, 0.43239567174563387, 0.3495134960667231, 0.3199491097774383]","[0.3561236816009796, 0.5506394374089603, 0.44422988587521073, 0.35976217327739834, 0.4102034367901243]","[0.5189823019535305, 0.581760482750374, 0.48806452210649165, 0.36965948686974315, 0.5068207770190507]"
39,"[0.5993954673089874, 0.5990476504790201, 0.3703280281328323, 0.590318333075692, 0.5973169172119541]","[0.11183621698725987, 0.48020839769394474, 9.9726994442495e-06, 0.34482983909801135, 0.5731025203250693]","[0.3035682357993832, 0.13994210004426955, 0.13645485630116594, 0.5935891669938241, 0.5869137442788979]","[0.20956686654754708, 0.5999972271279415, 0.0008287922306423612, 0.5978860796866736, 0.5925309334516332]","[0.24455526818802453, 0.5953093521220904, 0.25229451668948844, 0.5682559881274397, 0.5910078554507052]","[0.20131346700266495, 0.5999693499784496, 0.39030205777011096, 0.5981786467481557, 0.5994967957716794]"
40,"[0.5636048419214219, 0.580614200377058, 0.5867819537663549, 0.5852342706571574, 0.5883258970585072]","[0.06695054550903756, 0.0567641840252443, 0.13018002217766278, 0.19338733887825543, 0.2747303800759785]","[0.26572450277632054, 0.30569370888646463, 0.14135371080789993, 0.4349030962555308, 0.2894060446517519]","[0.33575652645546816, 0.3854001014130206, 0.4136556824661498, 0.41823065402951765, 0.39493074160868114]","[0.4038806034670315, 0.4301486973190234, 0.43123075384166043, 0.46847695121987565, 0.42235398177327144]","[0.47129547745132616, 0.4639265338725118, 0.5134039973588427, 0.4976809706981197, 0.48109427583734155]"
41,"[0.3678326914504454, 0.518238009609847, 0.5341442151834438, 0.5727934077077824, 0.38987958720832583]","[0.0458238951563793, 0.12277655321178027, 0.25985748700927036, 0.5252550621193367, 0.06483422178891007]","[0.10088587696892848, 0.11511068215225406, 0.2568366901616588, 0.526635665457496, 0.11944411615578665]","[0.026924903349849538, 0.11987071911465663, 0.2686657524845104, 0.5419316130609546, 0.14215949021279006]","[0.12540960618376717, 0.13752130866082468, 0.2772979872967126, 0.5473679186070308, 0.1482282254142877]","[0.10745768697546998, 0.13314609858030846, 0.27857934634369785, 0.5427798442547791, 0.11532816978696225]"
42,"[0.5541892947441646, 0.598474694089608, 0.5872711434871798, 0.5509691655339777, 0.5937418934012514]","[0.05292152165000985, 0.08277148715944138, 1.4596680752987368e-08, 0.10763776707445571, 0.16071156728421776]","[0.05997667593500444, 0.07912239548688837, 4.6548759280451435e-07, 0.1116608795503441, 0.0732150493450332]","[0.05496324918663387, 0.06478745593161639, 6.660958589144172e-07, 0.105959830808658, 0.17902055261866368]","[0.41576375196074034, 0.4164352277407456, 0.40952583057570213, 0.4094499614081818, 0.4432658114168191]","[0.4615048419779042, 0.4998447247732437, 0.4534956422062195, 0.46192819069243185, 0.49647281646841634]"
43,"[0.46448195029592965, 0.32456095276326, 0.3085371921463792, 0.374188817793048, 0.2838403415538495]","[0.37052351562935515, 0.25647186511621445, 0.26943004295800277, 0.3358499563555093, 0.2670877393643456]","[0.3843341814718608, 0.2895681922283527, 0.2793451393394141, 0.34592066322677506, 0.2657502658774773]","[0.43555569957343065, 0.29710180398169683, 0.28029966400196593, 0.35202774862390684, 0.26983067829725016]","[0.40678059439695424, 0.2839316819062989, 0.2741349523929284, 0.34321564636354984, 0.2679673443701961]","[0.4377122914748204, 0.29828635218739696, 0.28413769054531757, 0.3511714494039998, 0.2714741905400543]"
44,"[0.5714454347835768, 0.5795575578447844, 0.5436676912588201, 0.5797604420628084, 0.5811207045877281]","[0.20866948932707963, 0.31753722566289955, 0.3957747409843151, 0.3640129552332725, 0.21385283812992162]","[0.1984588000939015, 0.31181440243640834, 0.36405125817366724, 0.35563859490809546, 0.2043704264402505]","[0.2001314038588694, 0.3010349651492147, 0.30685247590487563, 0.12415395119752581, 0.2047390714431756]","[0.2145525096912273, 0.3331436748369482, 0.4332137621640124, 0.40272237412150613, 0.2154588932834508]","[0.19811520029279595, 0.31429139888276236, 0.3219106345202877, 0.3610221428783891, 0.2114921010087878]"
45,"[0.3806304158739384, 0.4399679851623849, 0.37649546187869054, 0.5739261106683445, 0.31018824845018345]","[0.18751381166957704, 0.30491305281975456, 0.28722201099694267, 0.3209996236839444, 0.29653892996297637]","[0.032195708876106455, 0.14915468920189534, 0.3181447188505915, 0.31114328887972975, 0.28088361756394065]","[0.16673324723971483, 0.19999969942374385, 0.2955284663632407, 0.32493527721322946, 0.2912453753987694]","[0.16507979692580899, 0.24814176624603912, 0.31217623416616236, 0.3186269266969112, 0.2847894285774826]","[0.27481647270397136, 0.37300766770626637, 0.3172796712399685, 0.31981653608092653, 0.2894243810352335]"
46,"[0.26158764672510526, 0.3476384573922603, 0.5027339081008448, 0.4281549779737023, 0.2702822747713597]","[0.27125598703657794, 0.35441946063398777, 0.3686693870918697, 0.19676181004504223, 0.27974615462061114]","[0.2722483645641738, 0.347947093524164, 0.42783826928470736, 0.2510345491563476, 0.28452686946147376]","[0.261176559986422, 0.33964498139530275, 0.3719093612005685, 0.28075948729642697, 0.28093902613818134]","[0.31192779161021145, 0.33355605423501467, 0.46337649310745155, 0.3201117538774909, 0.30326091239415565]","[0.2934296538575084, 0.3482521856186247, 0.402092372394076, 0.37050800136277606, 0.28697319745662764]"
47,"[0.5895782974533603, 0.5698685473489629, 0.42376529092702875, 0.5931686418558433, 0.45690607859795096]","[0.1130257620247378, 0.2577280928732585, 0.3986444925618987, 0.05109007740644156, 0.17926893893635854]","[0.11535109208454741, 0.2629472781134362, 0.4020530666945542, 0.06925767682530859, 0.08563014125064117]","[0.12129973819601547, 0.2673375551175694, 0.39848135344552194, 0.07103417581580851, 0.12463243320126527]","[0.09379706895630446, 0.25145302652323664, 0.40070758395897466, 0.07245844053147499, 0.351833238109183]","[0.38364662185252574, 0.42401913393270185, 0.41403005965585626, 0.45547615704703914, 0.35932725509412433]"
48,"[0.4610969612963517, 0.4600736335178115, 0.5741844483707438, 0.4768751126582319, 0.22776067681602163]","[0.29263310288823896, 0.203241624626182, 0.1535229710225755, 0.23122326890999323, 0.19168419686565563]","[0.2953542381957146, 0.16285458670276698, 0.13756914125120168, 0.22233156582783486, 0.18852209151164256]","[0.20437141688213933, 0.20797189522033677, 0.14039864245697453, 0.21818693400967837, 0.19218391536436252]","[0.19045486706388925, 0.21235335562861535, 0.09012851320974125, 0.22281647074282485, 0.18168011447511867]","[0.38879497343959024, 0.3762287078402091, 0.41977770803115877, 0.25285924434562423, 0.1948301782108105]"
49,"[0.5121416440095183, 0.57125804951022, 0.44034972793259297, 0.5851249935494862, 0.5693691434860425]","[0.39807800304697216, 0.07269931286213394, 0.38162186973015755, 0.27187062369171444, 0.2123815102391241]","[0.40154454376881443, 0.27843663889242576, 0.40782216848636366, 0.2806642770032678, 0.2129543464414395]","[0.433451533097715, 0.38612667642282317, 0.4246300816208004, 0.3027259342079661, 0.4257138584188681]","[0.40147984438343987, 0.06335554285661138, 0.33811619127013315, 0.2398482767120782, 0.22006412017611077]","[0.5065367198794306, 0.4910331493624138, 0.43430076639369064, 0.5231059755945269, 0.5293511172014334]"
50,"[0.16230397393401297, 0.5267115329589536, 0.3783372740588171, 0.507884277705049, 0.5800604576511985]","[0.06902203620009206, 0.018735975356370282, 0.23854466038308042, 1.8456825179313796e-08, 0.4936198067203813]","[0.03164546436265303, 0.3882794422270962, 0.25913786048398335, 2.46958783423068e-08, 0.35461750319745355]","[0.14562711444772558, 0.39876538746726575, 0.3578147895722128, 0.39814359334964966, 0.5554124019398766]","[0.1459236061521385, 0.43374940470291945, 0.36509123224723306, 0.46893151808323863, 0.5662165921275439]","[0.1546435407831276, 0.4633143176172594, 0.37859838673113355, 0.49997787271851957, 0.5736635442948227]"
51,"[0.5988304618337189, 0.5970670087299452, 0.5943000409535331, 0.5992226582915775, 0.5951739487385521]","[0.20613739772128903, 0.35150294875752186, 0.3135691947626986, 0.3340495675383114, 0.2745580829374463]","[0.24424041944433017, 0.4479920468774664, 0.4098460926948816, 0.34428753627874387, 0.304050444906092]","[0.21980803284772, 0.34974517352866374, 0.36557333214061427, 0.425565735141619, 0.2857216605067827]","[0.23546985489031247, 0.4308057493162454, 0.3694764384360678, 0.32743699941349835, 0.283531509317293]","[0.4645297292232957, 0.46306920736374324, 0.4862581739377174, 0.46165035481839556, 0.49234619445507666]"
52,"[0.5957138438003093, 0.5957138438003093, 0.5957138438003093, 0.5957138438003098, 0.5957138438003093]","[0.03527140092366432, 0.23837606570937842, 0.23268632958755786, 0.3891092572398297, 0.5999882120531143]","[0.012914415157520898, 0.5356459888282757, 1.4324110683805458e-05, 0.5999912226020488, 0.599999999999985]","[0.31114560680680803, 1.8113886168791282e-08, 0.55983308480944, 0.49015013676370545, 0.5999871550555751]","[0.1844236396564216, 0.3907536191004949, 0.47552494171680304, 0.5999986777464739, 0.599895254923296]","[0.3222482818473623, 0.4346746214394046, 0.5432479380363624, 0.5999993009590051, 0.5999920131296315]"
53,"[0.5513718317724248, 0.49445280761391563, 0.5447512206425957, 0.5077245308486583, 0.40944569919172114]","[0.4086218904893517, 0.12797523375365816, 0.3129629847625325, 0.25372228416123144, 0.2630682162733292]","[0.39749653150913966, 0.13755740223211577, 0.34469170277038264, 0.2675730767165727, 0.38061894166075183]","[0.40194506153596665, 0.14918434824017746, 0.38186387705807767, 0.26132398683915614, 0.31157929311485855]","[0.41434215132644003, 0.13544076411660866, 0.34196150400510705, 0.269003440837576, 0.28887834784443167]","[0.5029084622318409, 0.45456876067316154, 0.49094230016811424, 0.46389554378231046, 0.3915311132466942]"
54,"[0.5155793705866931, 0.45647315619219075, 0.591237439718096, 0.5388969798045017, 0.5542009846001489]","[0.4563877866511221, 0.46180089107726197, 0.1898403839155851, 0.14334759934328534, 0.2493795520622072]","[0.4846098700952072, 0.4971442804037942, 0.3099030485116364, 0.21293849124140096, 0.24642603162347876]","[0.508792929756775, 0.4709110503711359, 0.35888656269692876, 0.210365776856694, 0.24417009262830403]","[0.5171013804837419, 0.5036928155117145, 0.48700257075395115, 0.22749774749076512, 0.24532393079670367]","[0.5087278418603939, 0.45155319607707933, 0.5118316456477552, 0.4968682942035634, 0.5065729378584743]"
55,"[0.591286508528145, 0.5906362261212385, 0.5815782455314793, 0.5453699940145426, 0.5830709350927258]","[0.3057337582323413, 0.19644819404244906, 1.728497334152479e-08, 0.06791366250108499, 0.18117440853862055]","[0.24578111816291204, 0.21417288949365076, 0.26436277490371585, 0.08131767551154878, 0.37804359068618576]","[0.37395560528728444, 0.2855894139657956, 0.32845615518236826, 0.08384824403392399, 0.44282672977939197]","[0.22410576162888574, 0.16476236130536215, 0.12679266039472725, 0.08040252394447067, 0.2667952067988437]","[0.1894255636429879, 0.1767239898379085, 0.09932231291859495, 0.27084835278608066, 0.1911484023936374]"
56,"[0.5735171484623915, 0.5471210002635598, 0.5853417693035396, 0.593100262558961, 0.5537918017904375]","[0.04822703433104525, 0.00020538845518769389, 0.09702506364787145, 0.09088859500985924, 2.752445470644016e-05]","[0.3537995441161187, 0.1347346987370973, 0.16251445341415938, 0.40901867050573015, 0.12906049636970685]","[0.2232261457437067, 0.5664057259076684, 0.172746964582981, 0.3585843737788833, 0.09541814802915816]","[0.26019487185446954, 0.217923667171522, 0.4130133378180544, 0.3317739336318808, 0.09022732098029695]","[2.743745428279709e-05, 0.0001440591581709505, 0.14944866807397283, 0.15055811907640948, 0.12743991399179933]"
57,"[0.5802993152066577, 0.5683970113542886, 0.5922915236868277, 0.542642940153577, 0.5962213184426577]","[4.2502184700587975e-06, 8.272721929714066e-08, 0.47360350350476854, 0.2594016841153789, 0.44873926445336576]","[0.15815959288050652, 0.23742969079325826, 0.2307197255035628, 0.24170613118262751, 0.35607124445338534]","[0.23297894343781933, 0.13414197616805124, 0.14520169478075728, 0.25524676523976975, 0.3123088335748734]","[0.22163660797756612, 0.24831231381323982, 0.2014517223009643, 0.23150700548360192, 0.27313045965736626]","[0.5051188821460709, 0.4656138645094442, 0.49459069244855447, 0.47627870311518383, 0.5180802623819163]"
58,"[0.5442665066482362, 0.49066805090341137, 0.48964080351809036, 0.45722498592101335, 0.5639802565872863]","[0.3073674003200688, 0.40130941542043186, 0.16452696630960784, 0.09453287012592515, 0.33393893614541237]","[0.3068358888710576, 0.3633479852017646, 0.15670795223808542, 0.27880603843145413, 0.313869925910523]","[0.21425212470688448, 0.32187360686627686, 0.5708883197649023, 0.33602957905096065, 0.41162958904107505]","[0.3850830293287504, 0.3312059171314221, 0.34139933878918927, 0.3069130899314171, 0.3561850214524085]","[0.4809466891271925, 0.43062558067133516, 0.4761493112202485, 0.3488797516896732, 0.43440352979352437]"
59,"[0.581495920219793, 0.584494797065934, 0.5723766453506658, 0.5696586903815504, 0.5661437887070265]","[8.559971756305629e-06, 3.708377862565726e-07, 0.20524402207234305, 0.5538874928612658, 0.4559982406165036]","[0.3229228310420942, 0.3158938828307203, 0.3399265210778213, 0.37535997430903445, 0.3591803661825921]","[0.3616425145860338, 0.34726422371689913, 0.36621450582112314, 0.33054900671836973, 0.3513834235258062]","[0.3525778332211409, 0.40051237062507106, 0.4479440474260715, 0.5049148659271803, 0.32861770485278263]","[0.5045959407448306, 0.4710933775028796, 0.5103680703986071, 0.502322030610227, 0.4724152315752419]"
60,"[0.5785117254401673, 0.5559157055635185, 0.5844125315296429, 0.5562227197180366, 0.5745139482281418]","[0.11602262855704815, 0.2235368670193868, 0.15562379429590512, 0.04538873467128268, 0.28869378367800036]","[0.28231707914225657, 0.32996422418463045, 0.35162012989080726, 0.3551610553957314, 0.4307745239776837]","[0.2926184341247845, 0.29204946036481494, 0.4972229064098376, 0.34506514133672406, 0.41948206818599554]","[0.4320106631649533, 0.38969670444689164, 0.44784674085223974, 0.425455948796986, 0.4632559223956818]","[0.4698690584666181, 0.4591973225580799, 0.4902351040286199, 0.43200266964398215, 0.5113720352749657]"
61,"[0.5289161484875076, 0.46944147921882473, 0.5998235294710645, 0.5030297758296174, 0.5849534178175748]","[0.2191117589589694, 0.4264451817313496, 1.2577542178981993e-05, 0.34896300839834227, 5.235953191018439e-06]","[0.2648765178080872, 0.4320525231608979, 0.31678516973117843, 0.3426434384233097, 0.3207424326274937]","[0.2701312731710752, 0.4381933618960101, 0.353970420023736, 0.3474925136234931, 0.35112554401759444]","[0.3960033336344623, 0.4418967910192504, 0.4082051395140368, 0.3421204390832253, 0.34936250061948415]","[0.5017045693868057, 0.4594043006098386, 0.4948985565238194, 0.5425034753829123, 0.5009513914705923]"
62,"[0.5568158800794651, 0.4215317314224285, 0.5917325824956485, 0.5814521460338616, 0.5633394611780256]","[0.1798526963880256, 0.31613022038698213, 0.16768004509406453, 0.1784486653769778, 0.07145471510094492]","[0.3393172035898335, 0.37954742339547287, 0.3164065490103213, 0.37919553463498257, 0.27602889129949937]","[0.39048947470207906, 0.3921693650755598, 0.43638656852772617, 0.3860957690380118, 0.320230708089675]","[0.4540857444501145, 0.4013172947854149, 0.44261681443243484, 0.4901173307762309, 0.45288048282819005]","[0.4704044837725637, 0.40669713831948295, 0.5045149055757725, 0.5087596569461788, 0.47967139050737173]"
63,"[0.5589815257269763, 0.5912117810523234, 0.5872943356014055, 0.5895524717961114, 0.565439340651088]","[0.1519801448076562, 0.17864536425430888, 0.24128439864893103, 0.297166457979103, 0.19654628064174418]","[0.14835347262951237, 0.18255885451710208, 0.260583755699058, 0.28732811700518146, 0.20369515934155324]","[0.1586898953962429, 0.1866314146159378, 0.23448023414078656, 0.30015649620902574, 0.20462930011089087]","[0.17598205462808514, 0.19661778273748676, 0.2853811598392597, 0.29397083949059466, 0.22658940574001907]","[0.16965553207221018, 0.19082904914943766, 0.33184056312973587, 0.3825263716554089, 0.3111740818014599]"
64,"[0.34723388478705597, 0.4449744823163505, 0.5107962293054457, 0.5765003896435832, 0.4344319641489982]","[0.21715214105610325, 0.37315457886746484, 0.22667131539264984, 0.5289503633787798, 0.1511076938831981]","[0.29531157020621523, 0.41934121687701753, 0.2413659435461929, 0.5501704061842658, 0.22149707092164805]","[0.27111264662550705, 0.3894986305788497, 0.23943872170173242, 0.5295323653703724, 0.26656500201419764]","[0.33087056504535794, 0.43434910007878014, 0.4831709727374667, 0.5678321516781375, 0.3291683659852934]","[0.3373702821002921, 0.43580609353781374, 0.46480058900176124, 0.5706701833805857, 0.3767113919434696]"
65,"[0.548559715977557, 0.4404090049807038, 0.5486842094016614, 0.5627953783346511, 0.5870100678943371]","[0.3926155093218492, 0.40370140012835587, 0.14159939577942415, 0.19860458943985726, 0.36500195291556736]","[0.30525166062670084, 0.4050536005984072, 0.14559807740124064, 0.3452725926878537, 0.4438979535404376]","[0.3181639499809714, 0.39042816414649384, 0.11925147471461184, 0.3224563277915239, 0.3998902070587247]","[0.4551423728739822, 0.4203787659776749, 0.42082185801884264, 0.4594423465944054, 0.48709863417946697]","[0.4893077187940432, 0.43113854263069207, 0.5078971287124503, 0.5155452527430605, 0.527444137714945]"
66,"[0.5297423488749828, 0.5518537116476523, 0.5694973790805451, 0.36788470223594893, 0.5559344606596498]","[0.21973387093582442, 0.3223090287772903, 0.33219904359165586, 0.279074113563781, 0.24295971682198048]","[0.1939583561980145, 0.2283367939300034, 0.2899189238856068, 0.2748925278224392, 0.22526910361986985]","[0.4135555191056469, 0.3702862009339729, 0.4324236222199517, 0.3420134161095042, 0.40628124992265524]","[0.41581654245392896, 0.4574810373874023, 0.4909259179269354, 0.35551834002129656, 0.46163998904545467]","[0.5187050145207127, 0.5177577462220031, 0.5294470904235594, 0.3656382527857269, 0.5155218193451923]"
67,"[0.5691068279806257, 0.566801360739337, 0.5593181086342712, 0.5860218452606614, 0.585257868192016]","[0.05009232052524437, 0.041386782805189815, 0.25158759947718035, 0.2794599752846929, 0.1540635972777905]","[0.2674777357968323, 0.270594010278139, 0.3398041836923764, 0.4088119169173138, 0.3679111266135636]","[0.299598783347399, 0.34335846818902915, 0.3957726172163919, 0.4130705149703149, 0.37849139821872335]","[0.37040630657520845, 0.40999360380225225, 0.4168047829360233, 0.4891405882283958, 0.4278558166337506]","[0.4626747354712233, 0.48229304610109025, 0.46928551439295163, 0.5015509859438678, 0.49527981626790407]"
68,"[0.4824011690975476, 0.5707595433780995, 0.46829686681461524, 0.1558586550178257, 0.5275884301157298]","[0.3473371376338006, 0.38677500809158405, 0.10347705855536216, 0.15818178005032213, 0.23529333635249694]","[0.4158908748092479, 0.5157868203338041, 0.09902201957397128, 0.1626202795109919, 0.3892718818786908]","[0.43416934446693334, 0.43065652181638114, 0.3961166926128139, 0.1549101189453026, 0.4640948834526162]","[0.4606729303298819, 0.48046682623544246, 0.44630895739482224, 0.15701171618535747, 0.4785799503439032]","[0.501800245957802, 0.4848632300440314, 0.5072815078621774, 0.15641104614788626, 0.4712349363423314]"
69,"[0.5828275451494056, 0.5630093241277219, 0.5683565540586938, 0.4171146890222571, 0.576323599910414]","[0.2443263878166172, 0.27416822033139676, 0.16982121504520087, 0.39396160385061485, 0.3432863513895159]","[0.2644212664114495, 0.2812332393694008, 0.17418054515182624, 0.4004991151380153, 0.34541798989431716]","[0.25151105404836904, 0.27390785507522386, 0.1700385447921241, 0.39513290803332346, 0.34657979580238074]","[0.25639876115191285, 0.27732574113110897, 0.16573840314128274, 0.3875698010732408, 0.345519107945669]","[0.49113847829627855, 0.5263935813716305, 0.5026621641269066, 0.4167821316577137, 0.5199540079782248]"
70,"[0.5559851456953706, 0.5316512335795552, 0.5435809676265294, 0.5873730977188228, 0.45563161241820127]","[3.203284004715812e-08, 0.14224954701997794, 0.16759013341409845, 0.20254408183663675, 0.22873070845791665]","[4.282158849733264e-09, 0.22693687131602658, 0.1484733748308109, 0.20330829406882167, 0.37897187495637175]","[8.474738554253847e-07, 0.12028926182228983, 0.1635111882730671, 0.18189874513172466, 0.07468076704483784]","[6.223203388389109e-05, 0.18561665809268724, 0.18777159542869426, 0.23717097319103164, 2.072498858862737e-06]","[0.45642851994224654, 0.43258771194629164, 0.4672561839893973, 0.4862902020974814, 0.36602749003247237]"
71,"[0.5804929822076701, 0.5410674557470099, 0.3233470082303809, 0.5231832920256129, 0.5453504500340541]","[0.46058261546964807, 0.1397146292479866, 0.22276042334141477, 0.44629626580620096, 0.048187241022929594]","[0.4720670101359148, 0.14613580212148625, 0.2383941872730434, 0.44484881756369965, 0.057925168777806735]","[0.5295934706975463, 0.3696701729658579, 0.26137584429200045, 0.48735381872727246, 0.352354716077696]","[0.5640912526220132, 0.4375476829886963, 0.30084841002923846, 0.5011353755950646, 0.445511347445408]","[0.5756058050347506, 0.535587471614095, 0.3133749059339538, 0.5165583926702549, 0.5325143663767422]"
72,"[0.5995197160013077, 0.5767834366776045, 0.5874416587500728, 0.5828880047526465, 0.46639394270932144]","[0.057261555956863885, 0.06300402355076984, 0.11529813136122047, 0.054775704710687934, 0.15921542611162065]","[0.04986265400586509, 0.09130141178105544, 0.1286681044982806, 0.051222418126696145, 0.1663085112999817]","[0.05197160208757856, 0.006610716025475916, 0.13257757019685157, 0.05480372245324283, 0.19528921953453038]","[0.04169394975329377, 0.18912721038346314, 0.051968003078072145, 0.04775332089852036, 0.2134394772472017]","[0.05600060505083815, 0.1835779298615643, 0.1550492130034592, 0.29467094024374907, 0.20463118685640114]"
73,"[0.5582668587631434, 0.5934787662425222, 0.5831062778288782, 0.5695686381369371, 0.5443823309255741]","[0.19501284539704078, 0.34810753897274593, 0.3792565367437555, 0.3975311992216667, 0.15652867416264094]","[0.21755607687359668, 0.35300101766946057, 0.3643462783327156, 0.39923126718660673, 0.14774138363333678]","[0.31276933400524265, 0.37075495503448364, 0.3954216457131755, 0.43588075317614117, 0.34365912948999144]","[0.4310958615780992, 0.42983398418462215, 0.4803689478563561, 0.49714387230552315, 0.4041838997239652]","[0.48781066198793976, 0.5058866921701548, 0.49618539370455794, 0.5012527988116418, 0.43568053218350633]"
74,"[0.46312873420315304, 0.5953194522660364, 0.540690751755033, 0.5863015021350746, 0.5902607783977978]","[0.2294872772461941, 0.1758636927317826, 0.05885816286857237, 0.3348714416572457, 0.20058513996840643]","[0.15676273455614786, 0.16123682867809774, 0.21976079009814198, 0.2657478208188069, 0.18577269457364898]","[0.16364504817676817, 0.16162573848157846, 0.2191024491808804, 0.2937134089299591, 0.20012310506780484]","[0.18258938863701157, 0.1661399285273194, 0.20175392549666626, 0.28074053596925674, 0.1939597186095915]","[0.2876281116781362, 0.20398445855112768, 0.08012187563152051, 0.3507855475110373, 0.21706829882065282]"
75,"[0.582444828006355, 0.5485289684397963, 0.4218766000768316, 0.4814980295247948, 0.5290766508410829]","[0.07657155452351916, 0.23733449062962775, 0.37789716415838703, 0.2630832256120401, 2.8250387029693513e-08]","[0.10586904656617346, 0.2890722455127138, 0.3784630718118611, 0.21688245639260173, 3.3328640971497236e-06]","[0.3947553537278492, 0.21597614306751078, 0.4112379628617596, 0.29874761202863287, 0.31338795494578975]","[0.4884887844141048, 0.4779171959273859, 0.421778307514973, 0.37684754621655536, 0.4404112873989531]","[0.497859030525613, 0.49331131670394823, 0.4230511170401724, 0.3974252619116564, 0.47111261122750325]"
76,"[0.3567246370959961, 0.3521242429936319, 0.5355143801789723, 0.5470428250881231, 0.5775856826874586]","[0.32256601465382895, 0.3114302905791758, 0.22727610034081713, 0.23729707763930552, 0.3008075368593712]","[0.3262922202423665, 0.2950720306556275, 0.23447340610076206, 0.23768692618122844, 0.29419916085690967]","[0.3431027575926213, 0.3341545621679525, 0.42642897786551726, 0.4425103605736992, 0.444048414869031]","[0.34763689557880495, 0.3387282659693497, 0.45744485418980785, 0.4671656295992238, 0.49396298624600754]","[0.35262410800348376, 0.3429515215464154, 0.47928884097925595, 0.50439495604876, 0.5167748923005948]"
77,"[0.3534720291229466, 0.3094729372252295, 0.4609084068317054, 0.46629690167931914, 0.5396929858165028]","[0.003181005241264523, 0.09945364194225004, 0.16974035039036828, 0.06824039677274285, 0.07780269599238732]","[0.32108429068364874, 0.26806869410166934, 0.25090026536993726, 0.07316860616875798, 0.06138745916550792]","[0.3119367807987722, 0.3488260559803391, 0.369411052797336, 0.08639092056751696, 0.10527557100241458]","[0.23217984517396129, 0.13588705853506078, 0.181507484765554, 0.07115382420510408, 0.07770298764242578]","[0.24931160383112072, 0.0877732639093236, 0.04305067687163899, 0.07578765583997416, 0.07572023285628737]"
78,"[0.5467543647254369, 0.563417106058217, 0.57919978783238, 0.3644439923205103, 0.5586389683760699]","[1.26397521449384e-07, 0.22423849362785464, 0.20187810965307462, 0.3011394893964784, 0.22297334753358555]","[0.054048700477045464, 0.10769485586381056, 0.17218300181432467, 0.2956285335074067, 0.22835491100136918]","[1.458151121624951e-06, 0.25894105146832647, 0.1907392329908335, 0.30074652746262276, 0.20077586776566458]","[0.456819092210798, 0.48427987607394374, 0.46461051731686986, 0.35543465006110087, 0.46868421773846003]","[0.49110740087910854, 0.5092072784673571, 0.5060666723876883, 0.3654812430103309, 0.501976734777889]"
79,"[0.5792973356008059, 0.36887060627747625, 0.5988670193302779, 0.47319516353950164, 0.5785177176397348]","[0.0934800515065034, 0.29312117840823204, 0.28610786239469665, 0.2510327534605713, 0.25581557593433524]","[0.09156225344994995, 0.28953233859862204, 0.27709172062818666, 0.23193767748165528, 0.03257957542720369]","[0.4246003818937871, 0.340048189196833, 0.44947874252333997, 0.32820161755276944, 0.41645986923763734]","[0.4647626272184133, 0.35932873827596923, 0.5206118484550997, 0.40716853541796283, 0.49001690541954546]","[0.521259388616393, 0.3577716618757767, 0.49804114327780535, 0.4609202072372618, 0.49539134745217017]"
80,"[0.2729781562463789, 0.541528729813285, 0.5610273552562312, 0.5229792713750786, 0.5923416016360991]","[0.2280608180426308, 0.30978856693521983, 0.22076415002857863, 0.27695369618083177, 0.2215905191229226]","[0.2719625343104414, 0.3069377762311195, 0.42843396941979717, 0.27715629209149717, 0.43580953937399847]","[0.25661934761045546, 0.3880802729678666, 0.4319552912026807, 0.4163704431931142, 0.4512737554193105]","[0.2659803389881342, 0.4663434906471736, 0.4763632458150766, 0.5018992525823585, 0.4846839737928871]","[0.261408228303484, 0.4801727152721561, 0.46626344060677705, 0.5793030300995505, 0.48865648588667765]"
81,"[0.3618318387029196, 0.34360103385889296, 0.5764189519374143, 0.46654027986627555, 0.5610464001889585]","[0.215600912095272, 0.2574158108297151, 0.43985475054281065, 0.3939623004087488, 0.1935073967846227]","[0.29362340286749067, 0.30641178421341453, 0.5011237414907087, 0.42515607195033267, 0.22426672325520602]","[0.29012215870189983, 0.3158453609290476, 0.5734506588620676, 0.4410588503355727, 0.23448755435822122]","[0.34520438240911855, 0.3371667238584204, 0.5735166624106787, 0.46117501424598606, 0.4908512300079134]","[0.3446575655553148, 0.33767757593300585, 0.5706516862297157, 0.4599970728094861, 0.4969883629032438]"
82,"[0.427703105497544, 0.34357902243102867, 0.5098168567571593, 0.5151343099300585, 0.5901588088731542]","[0.10557856945365374, 0.24820228468967975, 0.5064003468346197, 1.2419640260663556e-07, 0.500008401184947]","[0.37184669422062855, 0.24397030696467947, 0.4266297365851912, 0.1517839584808811, 0.5577197331905667]","[0.348478734052068, 0.36665270902433766, 0.4202157018537146, 2.330049458965089e-05, 0.5432075513200935]","[0.43511744283953213, 0.22269875382586657, 0.5257209025563621, 0.24567733314652085, 0.5999999999999969]","[0.42184466972625334, 0.34125162894764594, 0.5093477083362155, 0.5332539672707947, 0.5893946877271401]"
83,"[0.5945097788219567, 0.5849312006268153, 0.5826121635719723, 0.5639170183072982, 0.5840875895907292]","[0.14844777647069807, 0.24324743063285237, 0.26899861564311467, 0.363943381911651, 0.4754890460148701]","[0.12562433531409412, 0.3671379344403549, 0.36115067130411116, 0.42867920915216673, 0.4669337884416678]","[0.022090135152902812, 0.40468314244780246, 0.44291383261040596, 0.47445372818131304, 0.5923525808261628]","[0.3966097972884983, 0.4231607104552094, 0.45107375706975794, 0.4573055687707277, 0.5216257671845114]","[0.38822654543581603, 0.5174900465880862, 0.44286978129097565, 0.5585667302682722, 0.5870246637077452]"
84,"[0.5859836838455061, 0.5854839050842457, 0.599835871807196, 0.5424472751362508, 0.3740501792333162]","[0.2830776148305424, 0.34399856249235894, 0.35355370765686933, 0.40569971522811776, 2.9512366106487775e-08]","[0.5451543162590172, 0.3618332761129003, 0.29775397760069755, 0.4435705323635042, 1.3720111926573964e-06]","[0.29233909091012344, 0.4584354728498483, 0.506826430076381, 0.5161915390901215, 1.9167843978706856e-07]","[0.596794523116229, 0.33332341432698465, 0.49082671481468243, 0.5418687999670976, 0.2524135684726827]","[0.5126661829803566, 0.5101859752045368, 0.599748220340881, 0.5422155615941785, 0.32564941578921447]"
85,"[0.599883892462366, 0.5999860341433225, 0.599750888487248, 0.5999893236362679, 0.4495852844577337]","[0.18408935331791965, 0.2520232903932762, 0.34011989711609947, 0.16449155340691912, 0.4009780493335885]","[0.3346530660204543, 0.3579159007632555, 0.28157777662575423, 0.35895197631293907, 0.4171764361103121]","[0.4402457053156317, 0.12868686761114734, 0.5970395819035956, 0.18287748388635972, 0.4133571321588583]","[0.4560158600277203, 0.37813506823278464, 0.498982419277499, 0.44714857831195676, 0.4260901896119921]","[0.46543302300967626, 0.5240568044737601, 0.530372234468504, 0.5239975893236853, 0.4467310423419709]"
86,"[0.42118423238053093, 0.5935042450073829, 0.5967629954464188, 0.5945558341037571, 0.5875574548272087]","[0.10674658280668115, 0.5973474355300715, 0.2202504584927406, 0.032108110102428755, 0.10157619035027299]","[0.00018274002036300363, 0.2667027909882711, 0.12634641173172556, 0.005630236205849126, 0.10172198098084184]","[0.3152984282913618, 0.5999999999992424, 0.09624341775460543, 0.22466855345489212, 3.383561442138472e-08]","[0.12084439639221622, 0.0049781623501508054, 0.06730675853587187, 0.041317969397269505, 0.07163285393529772]","[0.2781630263759549, 0.45249901992069386, 0.4192836915225495, 0.41697107642467446, 0.4326100464061704]"
87,"[0.4963476739565812, 0.5586443042085492, 0.541209911431445, 0.5903853692110865, 0.5219300277022866]","[0.24923526348273906, 0.12173411508636989, 0.259520866113932, 0.1680275983202103, 0.15004226845032054]","[0.32984999910408785, 0.14239182518827098, 0.2643132385800694, 0.1555459207068428, 0.23913180136892243]","[0.26469910762619275, 0.28091984202289455, 0.2684330317391391, 0.17050244304322848, 0.2382922675494843]","[0.03509335622720067, 0.1308418617877386, 0.2311832456818853, 0.18133195967195592, 0.20244072398038193]","[0.19151902963824197, 0.1271227049328153, 0.25443742496734034, 0.16801775187335177, 0.08151111762408692]"
88,"[0.5170826078004773, 0.5534422639575853, 0.5162328350293716, 0.329988645692713, 0.46777090857433357]","[0.14948318893188706, 0.3510348842735286, 0.38589475765441317, 0.2135422030251175, 0.39969717209540556]","[0.313248584360148, 0.44352452982393664, 0.38523393048936583, 0.22975024976795744, 0.37899644283942735]","[0.3409785956087372, 0.49335079078665456, 0.4544828866446806, 0.26711092375549106, 0.43228330706900675]","[0.5089015187487446, 0.5322840724840291, 0.4670254409166019, 0.3033608737637915, 0.44619116100129463]","[0.5508705963942535, 0.555510073016386, 0.49535247996422893, 0.31347984083784164, 0.4606684761404938]"
89,"[0.5902319516379888, 0.5797975130835054, 0.5175134513743757, 0.573491837960169, 0.5984952244143837]","[0.0659612332590136, 0.22898528928238282, 0.2479966667500767, 0.2700969889452911, 0.32599834557546226]","[0.07289595072011423, 0.17119847773990482, 0.27203356134614576, 0.2639364683617538, 0.3478771634523803]","[0.30065092138448435, 0.2778076182293956, 0.3169268922673366, 0.3131407758439402, 0.32864562757805316]","[0.3193209142569743, 0.314583272260593, 0.3375140337430734, 0.3677362189436859, 0.3545357932054334]","[0.3802920249045435, 0.3548796464956463, 0.3668663274804539, 0.39452910336192115, 0.3833930624632127]"
90,"[0.515116212797959, 0.5492773211707835, 0.44997642375571933, 0.33613313514057097, 0.5777216802827168]","[0.1387242318217886, 0.24360346632587326, 0.1840685940840492, 0.29996567960688125, 0.3419388726390954]","[0.1769290169903034, 2.550979000259801e-07, 0.07389948952024894, 0.2764877081063898, 0.20803974180659524]","[0.13942350061809583, 1.9427846530417625e-06, 0.4547950425631926, 0.35792715186732527, 0.22400108859554457]","[0.44670546334363337, 0.43687491817851587, 0.3615264779176274, 0.33981772641406693, 0.4877819796824787]","[0.49611029865520684, 0.5119247145335866, 0.40649585958737067, 0.35105396853764514, 0.5255189515545247]"
91,"[0.5824090728094409, 0.5518668812006216, 0.5098043805741214, 0.5733170787453025, 0.5770412178998731]","[0.21865043870242717, 0.018605308062154657, 0.26366189941222706, 0.2219304673629976, 0.22539903326845634]","[0.32853854669413063, 0.031004569666687853, 0.19526498491734734, 0.2338179890653409, 0.281391467416956]","[0.22129193914702328, 0.4261306101987816, 5.787849259419886e-06, 0.2346684548489586, 0.00010478261972779457]","[0.2975657265948852, 0.02285678010308445, 0.29067746009054596, 0.2228677119902901, 0.384322537688071]","[0.26633009231274396, 0.033541907991450515, 0.33768816253657774, 0.21069122713658883, 0.3850475763850343]"
92,"[0.563403512074725, 0.4081066487892655, 0.5638913310486791, 0.5546322909912382, 0.577529253266027]","[0.029511644142262594, 0.18944255556801104, 2.924235483925397e-05, 1.6469911912064816e-07, 0.11404551092371873]","[0.10134606581875927, 0.20440658460837036, 0.013333875368749748, 0.00019215160101071493, 9.993955067955085e-07]","[0.1855609419331622, 0.3501771767032259, 8.318141094421083e-05, 2.304245962925222e-06, 1.7459542008824158e-06]","[0.45632055161759744, 0.3982534802521773, 0.4512409724983484, 0.44177074370725267, 0.4870790648337443]","[0.509751330250297, 0.40908331713086943, 0.5244748126175953, 0.528658493339346, 0.5218583019799693]"
93,"[0.5192005655423928, 0.33668372520207546, 0.488519771942742, 0.28440374942782354, 0.227165837078816]","[0.013343122961299025, 0.11502537495385823, 9.995418014385749e-06, 0.29628466046320534, 0.04338207984674414]","[0.051281900156288085, 0.14714924946497276, 0.0006554723310139288, 0.34187050012113873, 0.28506835648771167]","[0.07295056361734908, 0.10614373714719716, 7.748474462054844e-08, 0.31143218105828696, 0.042119184353630046]","[0.0651122381147129, 0.3537784576240389, 0.000162457513129044, 0.28174685614682127, 0.0403359635604692]","[0.02740661984293824, 0.4096678763390976, 0.05685252490357828, 0.29531804807373774, 0.02371855390676436]"
94,"[0.5803278929654845, 0.5796676358890157, 0.5774903633723915, 0.5642329898199453, 0.5121527254256921]","[0.317700426867222, 0.1977372516223156, 0.12223213406811029, 0.06635437080598372, 0.217750758307501]","[0.29023410662872506, 0.1947594195206639, 0.14531840941227336, 0.07163732723864746, 0.3106733966000259]","[0.22888160489043163, 0.2015783686800201, 0.14695447971774, 0.07806262454897261, 0.1787850348448785]","[0.4214802947656443, 0.22147708254730913, 0.3018292894314861, 0.07305702836608641, 0.3078602967076288]","[0.44784326004417885, 0.40422606846429576, 0.3814688085215845, 0.4065143525348516, 0.37022232242710473]"
95,"[0.38131332013806196, 0.5016394636257215, 0.593263807377774, 0.5820289763226288, 0.5756890458616846]","[0.30256234212477795, 0.34295933485945973, 0.23837016598406746, 0.2560126113645592, 0.15303589495714998]","[0.29573297950566013, 0.38152020641759676, 0.3356875240217585, 0.26934427535543226, 0.1785600888520379]","[0.1926334866001479, 0.3117491976497534, 0.3659915720949185, 0.26274816575659243, 0.12823111730310355]","[0.46589768574722257, 0.5557562472476747, 0.2740606806506295, 0.15993451334873265, 0.14672166325130886]","[0.17780009393507712, 0.3627470390940396, 0.2449405115122114, 0.2515998830698878, 0.16681059774192986]"
96,"[0.5336542894424272, 0.5367877542863272, 0.5807266887915148, 0.5811111019620726, 0.5568182431370907]","[0.1603656439785175, 7.30218586619813e-06, 0.47803971037135506, 0.39319540020387667, 0.4785276498507033]","[0.3415766519325216, 4.367436556185211e-06, 0.46397961171833413, 0.46161630740600124, 0.4838893446796215]","[0.4166284419717904, 1.6421529092092157e-07, 0.20322643662065398, 0.4724239033019483, 0.5618133347414275]","[0.5215630537849502, 0.08189631974188616, 0.5666301030940321, 0.5304288746014115, 0.5503336515840525]","[0.571332038055133, 0.1356525501760164, 0.5824493447725677, 0.5784145128982022, 0.5486909414633692]"
97,"[0.33216240183619195, 0.35393834131318125, 0.3810604439698454, 0.48765157217289, 0.5513686692692024]","[0.24016099540867564, 0.27583030754388516, 4.871362080383079e-08, 0.46424683184388926, 0.5197577360584036]","[0.30008509647594694, 0.35329568174900816, 0.053521848720604503, 0.495355303124284, 0.5476802519819661]","[0.3327708261532619, 0.3635805877078797, 0.17375153307426572, 0.503445266770746, 0.56745941773094]","[0.349568072407917, 0.3810673046912234, 0.3627627897363672, 0.5184100943856325, 0.576540709536342]","[0.28845661835333836, 0.3467300534449379, 0.16051943435501703, 0.48885626109816305, 0.5492985152007533]"
98,"[0.5479176682368363, 0.48605648386390676, 0.5720029331163381, 0.590244734445668, 0.5542256914083689]","[0.2661157139727178, 0.2546105299711997, 0.2664279178740049, 0.28369487528043313, 0.3193410018648306]","[0.3383183893657198, 0.277410363206101, 0.25959093850404824, 0.25164171418383274, 0.2947916541918082]","[0.33104890364844297, 0.27371175365206635, 0.2912454195799228, 0.264024128554321, 0.3092432999033605]","[0.32467648797142556, 0.303864628393935, 0.3180378954005072, 0.278486471253897, 0.3509389232039708]","[0.2950585727117704, 0.3235269646262745, 0.36970389510253077, 0.32205353253790725, 0.40400083453326385]"
99,"[0.5492628574771187, 0.5993946861949431, 0.5841115736834346, 0.5830047987708193, 0.5714863431436488]","[0.28886763327679643, 0.3490718947901238, 0.17748634267255603, 9.89748572727267e-05, 0.34060273699078014]","[0.19325018040188957, 0.02239892764820295, 0.1638580350887442, 0.008093476966707702, 0.003255980126376068]","[0.08743365707253292, 5.284010429207342e-08, 0.16949679915593563, 1.2303451570772062e-05, 0.003989643582599456]","[0.521388504731444, 0.389743213113087, 0.2595416094854659, 0.04865979113220842, 0.2858496373368766]","[0.3663807373562348, 0.2736444713686391, 0.20522019077467135, 0.3986755039209824, 0.26083835926350774]"
