,SO,PO,True PO,CV,EBZ,True EBZ,CV EBZ,EBPA(0.3),True EBPA(0.3),CV EBPA(0.3),EBPA(0.35),True EBPA(0.35),CV EBPA(0.35),EBPA(0.40),True EBPA(0.40),CV EBPA(0.40),EBPA(0.45),True EBPA(0.45),CV EBPA(0.45),EBPA(0.50),True EBPA(0.50),CV EBPA(0.50)
0,1.0,1.1745313473494259,0.9696447199676813,1.099227135294163,1.1504575087919247,0.9820349792606271,1.1272142044857296,1.1504620135908907,0.9820326979781411,1.127214536592398,1.1504711997432495,0.9820270903959377,1.1272138435901213,1.1506869784424916,0.9819448307012579,1.1272111126845992,1.1506811422511558,0.9819465952099082,1.1272111767043582,1.150439514395168,0.9820204653545206,1.1272127566225898
1,1.0,1.0710932707754703,0.9736948358162149,0.9551938615012254,1.0557891601213194,0.9454324606913224,1.0346025677192505,1.0543355601351063,0.9546241885411693,1.0540020741587761,1.0543417577857863,0.954635417451496,1.0540020760677435,1.0543462985077703,0.9546434275388453,1.0540019801032665,1.0557906385667477,0.9454345956170206,1.0346031981592416,1.055788087552386,0.9454309163744498,1.0346031354994536
2,1.0,1.0610481048360387,0.9740682960230692,1.0190146263914162,1.0605169958208416,0.9765411153422221,1.0240330552779056,1.0600776390403694,0.977100632710438,1.0263234818122124,1.0600855202785422,0.9770894021273023,1.0263236060592984,1.0600795053600913,0.9770978162554148,1.0263234344808725,1.0600794623663585,0.9770978470777361,1.0263235538281932,1.060091198587847,0.97708103822516,1.0263235540095077
3,1.0,1.0476629012159755,0.9887135719652334,0.9688674547993082,1.044721731382198,0.9901410590638791,0.9809654639311162,1.0388050785151448,0.9790864842158906,1.0436081986574939,1.038655519431197,0.9789690008439863,1.0436078892211442,1.0388216707815907,0.9790930211224477,1.0436088349728097,1.038823446642459,0.9790909275672876,1.0436088275052338,1.04472223503089,0.9901411469745145,0.9809653873456754
4,1.0,1.0591854747613318,0.9853774684233743,1.01816075821666,1.0591854747551908,0.9853777526397183,1.0181650277546237,1.0580098652047896,0.9815041936637928,1.0503751968206405,1.0521914526557583,0.9713988159851287,1.0449763347280963,1.0522006766493146,0.9714173163054929,1.0449764162962227,1.052228509174696,0.9714691569190261,1.044976442202371,1.052212902393758,0.971440031559412,1.0449764488673123
5,1.0,1.0382785174919358,0.8935248023648548,0.9209878526709561,1.019783273354219,0.8887535618964464,1.0124208716529357,1.0155060953731627,0.8956427560847829,1.013777581623664,1.0162788034644656,0.8963631446369515,1.0137997129637146,1.0163095273830547,0.8965718544595258,1.013800002288154,1.0167725170058965,0.8967562028599948,1.0137946628282803,1.0181097669618902,0.8918370280070469,1.0134927658847064
6,1.0,1.0125921390856305,0.9330341534215595,0.9250184476433151,1.0061282776446892,0.9347106128726087,0.9828706471549556,1.0061272422302638,0.9347113217245288,0.9828706618389379,1.006128137114726,0.9347112080193314,0.9828700296178587,1.006128250352393,0.9347127464415806,0.9828706766395863,1.0061271081623182,0.9347118336645497,0.9828704816666608,1.0061277832778963,0.9347124189803,0.9828705703390321
7,1.0,1.0494612007309863,0.9482783083419277,0.8790506833197584,1.008008666110257,0.9960051166584232,0.9700936849985446,0.9986517765834885,0.9924390883246202,0.9813698002869075,1.0080007179494648,0.9960006274589626,0.9700945675571291,1.0080478023353197,0.9960236601890223,0.9700929011273267,1.0077390910995776,0.9958861784773795,0.9700921522457243,1.0080475728152378,0.9960222493165559,0.9700936610919692
8,1.0,0.9936508006640866,0.9857713555503286,0.9654945024243857,0.9906333953151976,0.9861090304768524,1.0003721171216535,0.9906334426666047,0.9861056879521338,1.0003722442369873,0.9906335938824152,0.9861085945134809,1.0003721966393617,0.9906330949208798,0.9861096622015526,1.0003726459450062,0.9906355106015121,0.9861044137876342,1.0003721917745811,0.9913833033982411,0.9892755661228886,0.9989443357622898
9,1.0,1.0415510675159565,0.9239350420817318,0.941243511518108,1.026350271213156,0.9625141268422435,0.9527696716330174,1.028510012138734,0.9098912237029548,0.9975764356516187,1.0293578228951243,0.9094399168140271,0.997595321436843,1.0329591157527116,0.9331337404655585,0.9925389355073632,1.0328634074676806,0.9334030327459146,0.9925385159010566,1.0263393956281766,0.9625254455298776,0.9527734514697878
10,1.0,1.080016103044789,0.9243821139305672,0.9636600970293255,1.0714442741620152,0.9559147515308537,1.0307982452534739,1.0687572618019596,0.957183905878136,1.0606836807318694,1.068605066515703,0.957205401587926,1.0606818030758123,1.0687436246164985,0.9571825657128159,1.0606833464023893,1.0687379282199303,0.9571990581599389,1.06068326398185,1.0714615582843345,0.9558792476613499,1.0307977401429747
11,1.0,1.0135627152910602,0.9717224975814985,0.9009881503986987,1.0098450551249878,0.9873161332756362,0.9690985350646141,1.0052595343376998,0.981840111554315,1.0070286115782574,1.0098472464849668,0.9873123204817619,0.9690986210222972,1.0098472105260379,0.9873113095027053,0.9690988022101469,1.009846460779432,0.98731387170954,0.9690989058055854,1.0098456412443748,0.9873147274670625,0.9690983568141265
12,1.0,0.9654803860152023,0.956439646158494,0.8569872704981282,0.9654803860151923,0.9564396797941515,0.8569915810946026,0.9420725907269449,0.9715279885920579,0.9282248857445208,0.942059224712745,0.9715441421851598,0.9282247961753539,0.9441524167605129,0.9767366767783758,0.9250062257780778,0.9420844355648498,0.971527226407561,0.9282249111092192,0.9441506504798041,0.9767338009892924,0.9250058797531214
13,1.0,1.0881029907417954,0.9453984121160863,1.0657216042710256,1.0881029907418036,0.9453984218196758,1.065721898612793,1.0826205771520516,0.9408463237564211,1.1089024270463363,1.087093844034235,0.9390280543085702,1.1166474488847038,1.081545496816002,0.9177214971202774,1.1094897193560112,1.0881029907418054,0.945398427263313,1.0657218797395984,1.0881029907418094,0.945398457497311,1.0657219260923092
14,1.0,0.9934128524720205,0.9967542668610091,0.9447625718850823,0.9903706496220235,0.9967825952762289,0.9508295670986586,0.985907090668655,0.9880580395984426,0.9900644635418481,0.9860127833421873,0.9879881342870377,0.9900606144403421,0.9886674754333267,0.9918096051877754,0.9753349268573767,0.9903714821168127,0.9967832886955429,0.9508303289180855,0.9903724694836975,0.9967840862113123,0.9508302423992107
15,1.0,0.9702708055447687,0.9567111603061713,0.8188085296313291,0.9429378561305445,0.9121097173695207,0.9289824260985975,0.9422051955328967,0.9094504607600629,0.9328072526029939,0.9422223347169023,0.9094665213426553,0.9328072861509327,0.9430583966901246,0.9133127758281121,0.9314140309898032,0.9410302044353086,0.9065955737499651,0.9313055994196474,0.9422320905244168,0.9094533238766129,0.9328073083760757
16,1.0,0.9484063348316766,0.9480930655685528,0.8358577476755702,0.9381144913506742,0.9294602961149369,0.8572453679032905,0.9332962909152634,0.9084011268812447,0.9214766774917597,0.9315790087053416,0.9001428950136824,0.9160105881693758,0.9319290356985293,0.9006545288709504,0.9159804764635936,0.9321385764870282,0.9023923193390874,0.9059188406016032,0.9381237725389737,0.9294741318843807,0.8572442443763915
17,1.0,1.2698527360207241,0.9634757191427032,1.2153031037603883,1.2581100727241135,0.9859068106298994,1.2643523570804422,1.2672301526176524,0.962183107417173,1.2799188362403358,1.2628856611354362,0.9747929324322375,1.269610690332959,1.2628938187765086,0.9747674932682047,1.269618333402349,1.2580665752359135,0.9859513953211965,1.2643518760457564,1.2580878198976642,0.9859294669887598,1.2643518796903006
18,1.0,1.0181963517544534,0.959056981172429,0.907098266782269,1.0181963517524326,0.9590573490926263,0.9070983844966437,1.0065980123294818,0.9491262323122308,1.0022058723612042,1.0117951471171636,0.9679759456496957,1.0098352342377628,1.0022373366051163,0.9494425876535098,1.0001685214779075,1.0164750648924152,0.9484586817465966,0.9155554192704682,1.010905049039696,0.9400034912556232,0.9823752923645617
19,1.0,1.0781820178257595,0.9959837421386765,1.0483097843839961,1.0762070664435655,0.9966370405969277,1.054666575949487,1.0739201279310644,0.9934291413079178,1.0771867800255317,1.0739270338094777,0.9934292601833841,1.0771867526600472,1.073936080409857,0.9934336364728291,1.077186820935421,1.074902818922998,0.9971570328498431,1.0559062330116542,1.0749107197952883,0.9971581480364197,1.0559069402234917
20,1.0,1.0176422673295493,0.9733797999053718,0.9500854299222579,1.0119620476795617,0.9791447808967977,0.9776646675424358,1.0067249852971798,0.9894482383919893,0.9961906029348843,1.0092422723013987,0.9853594317497916,0.9948676031824901,1.009167479335385,0.9854926423354131,0.9948223289451917,1.0091400383751117,0.9855295400962092,0.9948217291110887,1.0092926050136608,0.9853208998757811,0.9948220844768
21,1.0,1.0924169950440505,0.94112999465088,0.9284984839850962,1.057376279613052,0.9821145272597607,1.0303315264825557,1.055760957784844,0.9846322054817396,1.0363714912495174,1.0519047327752018,0.9843776762963554,1.0309417780876087,1.0519063310919134,0.9843951741955049,1.0309417150912514,1.0573679481377243,0.982136105252593,1.0303315667861475,1.0573956868768086,0.9821594765337223,1.0303314624795226
22,1.0,1.0034095344381804,0.9843347173449692,0.8980923828150175,1.0034095344373841,0.9843346038505205,0.8980925210557592,0.9867292903452104,0.9643578365600124,0.9884959139076953,0.9956414170244985,0.9808253276678841,0.9972892957060716,0.9931212207279133,0.9753322950416374,0.9931210932260085,0.9945303872398971,0.9756427753866266,0.9933034489743973,0.9964923002910829,0.9789425580113654,0.9959820261738793
23,1.0,1.0817609919109388,0.9944838267201932,1.0766177293962544,1.0805369976549393,0.993459690856723,1.079947669384008,1.0798207265638484,0.9886297798244235,1.0917627785975426,1.0801884605605987,0.9934504004650354,1.0847972527734726,1.0792353203663778,0.9940631648680696,1.0887055499855698,1.0792426896644305,0.9940736448544885,1.0887055464378879,1.0792456900201015,0.9940797722810837,1.0887055635343617
24,1.0,1.1401762351098412,0.972677766005985,1.071099622593727,1.112220206083612,0.9618749925237717,1.113418484418568,1.1121892635306436,0.9618497791287363,1.1134184942723888,1.112236543808147,0.961883540614488,1.1134184793865745,1.1122085423840042,0.9618682865507051,1.1134184925536172,1.112181309946047,0.961854593804916,1.113418497993121,1.1121632134998574,0.9618431632608253,1.1134184937948102
25,1.0,1.069252428840243,0.8985550383544417,1.0174977464025174,1.0671909275761824,0.9144319659022508,1.0264254773382095,1.062187761335207,0.9339820506436257,1.0469124475252318,1.0621841454732583,0.934095250209429,1.046912648915353,1.062333446973431,0.9337334773599736,1.0469107358809462,1.0634696931324787,0.9245130200970427,1.0463128932327648,1.0671718914595465,0.9087069880041699,1.0323463112209053
26,1.0,1.0594635545135882,0.9871868000202887,0.9689876970245875,1.0578185421977468,0.9903586636140678,0.9787508454014203,1.0525022888935425,0.9803220889703073,1.0637346475244176,1.0526497202748883,0.9802757555797567,1.063472921301197,1.0523811489826944,0.9796615660331777,1.0630602281564585,1.0522938885293611,0.9803151462698315,1.0636684813680233,1.0490540532686525,0.987277231212994,1.0516619767754631
27,1.0,1.0294472313570446,0.9663691571979982,0.9581719661119869,1.0245183611370192,0.9715825656315942,0.9657574988486749,1.0193912522150417,0.9585110310227714,0.9966174304598928,1.019376650124166,0.9584796916448658,0.9966175181649468,1.0209122230928305,0.9637745946188045,0.9782501118042142,1.0209099683405713,0.963774578239114,0.9782500508488368,1.020909069594688,0.9637745578013696,0.978250083923513
28,1.0,1.0513497997296273,0.9786173269505654,0.9541933908100598,1.0333082153702575,0.9769782036884622,0.9674607646014713,1.0241458828503163,0.9725929791154246,1.0177485067062564,1.0241313971152104,0.9732073271853104,1.0177381641382788,1.0240818212645844,0.973204995767021,1.017738142665116,1.0229659880400404,0.9694969912623781,1.0176099351493315,1.0333068711790223,0.9769772546579296,0.9674608237988291
29,1.0,0.9486826552965262,0.9670644713694192,0.8870997262683696,0.9433039680774808,0.9480756773183717,0.8985489814988561,0.9342628771160294,0.9175600001783791,0.9238673503382606,0.9433039866892905,0.9480748645930823,0.8985486267340561,0.9433040481440901,0.9480750237644845,0.8985485325528871,0.9433040310494222,0.9480750047050707,0.8985487605817744,0.9433039998218224,0.9480749142351514,0.8985487542687682
30,1.0,1.1094066030857215,0.9362791031434666,1.0477988825278708,1.1071613723760645,0.954304115406079,1.074323224335885,1.1044967584379977,0.9530013887557288,1.1021191274092255,1.1023626673237927,0.9414964470995845,1.1143075957999227,1.107139992110681,0.9543765016086287,1.0743231544491811,1.1071593240599673,0.9543111039557465,1.0743232687171709,1.1071593152876937,0.9543111120611654,1.0743232520807027
31,1.0,1.066507683512437,0.9486560371857526,0.9703666853548246,1.0458229259980236,0.9757168301881967,1.012878169237626,1.0452222811266663,0.9535231727035683,1.0309758191390794,1.0452366366116057,0.9535672220110518,1.0309757389722887,1.0457393106329846,0.9754739098351811,1.0134159512491985,1.045740243663647,0.9754753408878282,1.0134159213994087,1.0458229272364583,0.975716839713545,1.012878185964882
32,1.0,1.0567684515986278,0.9869174434921736,1.0399788837413764,1.0555251678421855,0.988725260210209,1.043383896932424,1.0550268809118053,0.991359856194706,1.0603004243033254,1.0550280261628286,0.9913609204737085,1.0603004481739549,1.0549761132811388,0.9892066314867313,1.0608624110832308,1.05502321241406,0.9913553931655158,1.0603008637438187,1.0550282622244576,0.9913592454300474,1.0603002961062191
33,1.0,0.9840431930661188,0.9877888061685511,0.8254551699336192,0.969019716489606,0.9688688418724742,0.9077393669815891,0.9630211862181524,0.9535732140297164,0.9582642826797798,0.9604029101610804,0.9495698071914758,0.9481398623041789,0.9690205800344908,0.9688693404805925,0.9077392340923158,0.9690196285688385,0.9688685390349,0.9077394806118423,0.9690210157270484,0.9688698120843442,0.9077401754831714
34,1.0,1.11765963204457,0.9236919608457529,1.0742694187615096,1.1098479684824365,0.9518263168562382,1.089724421442422,1.1157898305960412,0.935364608534306,1.0990327099417347,1.1091518762358552,0.9518428200003834,1.0907695633713703,1.1098507181481878,0.9518179709806041,1.0897249910123292,1.1098498175357827,0.9518181341377323,1.0897246652472878,1.1098475084457895,0.951828829689043,1.089724457077759
35,1.0,1.0079107056206777,0.9929221080615627,0.8780428099284939,0.998999108274983,0.9953497241200734,0.9380322042661108,0.9990050888703174,0.9953520884827047,0.9380333795196584,0.9990043535284501,0.9953518333609576,0.9380347724229223,0.9990029750645215,0.995351300093363,0.9380335729111444,0.999004132187872,0.9953517945642745,0.9380343321232206,0.999001841888154,0.9953508318491479,0.9380334505640959
36,1.0,0.9447609455391938,0.9751848568763878,0.8825901544487501,0.9435030313066303,0.9693446753764859,0.8948680709151167,0.9432091374354823,0.9802835611535409,0.9278827638903732,0.940613426586297,0.966050320305286,0.9270466478855125,0.9429000816243952,0.9782258458284028,0.9277611765018045,0.9395799251522264,0.9747520889086985,0.9259674689258183,0.9435038459109907,0.9693471038767171,0.8948678752080788
37,1.0,1.0468416375231062,0.9941202838075082,0.9724420103702326,1.0464058403567882,0.993186647228483,0.9769045792472366,1.0422399998009153,0.9894904281129753,1.0247261063670485,1.0422326375676483,0.9894798142065631,1.0247262913265485,1.042238081834728,0.9894863511387545,1.0247260450903086,1.0422336174828701,0.9894807155529455,1.0247262718286014,1.0422239146344445,0.9894653857073323,1.0247261471974165
38,1.0,1.1053722894268618,0.8783482522671103,1.012668901770572,1.0959660081930527,0.9083108168275654,1.0684956114402278,1.0881817156726088,0.9325722990682646,1.0772418865876756,1.0941984828000406,0.9310449519662702,1.0750018247304498,1.094464961298382,0.924615642774134,1.0733430234192296,1.0944815481780266,0.9246065705098413,1.0733427300820166,1.0959638056981766,0.9083158215419652,1.0684955458077354
39,1.0,1.175974010775023,0.9700926721330408,1.1238256174412962,1.1696851199331348,0.987812983039884,1.1406367712295211,1.1702717636380136,0.9628724451538904,1.1681849676871885,1.1651634366651995,0.9738880960472136,1.164967929948887,1.1651559718908313,0.9738977059069915,1.1649633531873618,1.1651565033625857,0.9738988002864304,1.1649632707093156,1.1651568062563993,0.9738978929505815,1.1649632908769356
40,1.0,1.0045001547081445,0.9933697392875033,0.9683215056603167,1.004164335681942,0.9942835056631776,0.9696006823306342,0.997432766096113,0.9925976021584029,1.0001267065681703,1.0013153601190163,0.9930338851098676,0.9884529267307518,1.004164340416475,0.9942835088658484,0.9696012810796558,1.0041643534838955,0.9942834887528075,0.9696013564353775,1.004164321898322,0.9942835215957472,0.9696007186604455
41,1.0,1.0842155342362345,0.9390211596166215,1.0351409561930158,1.07740598571727,0.9452200746119473,1.0669523595217028,1.0717004527193608,0.9498626552971092,1.0809879445886748,1.0715379964744458,0.9496118217500149,1.0809899413793411,1.0715077204207042,0.9495229959647276,1.0809890720067785,1.0715133896840958,0.9496091511104371,1.080990254503216,1.071516078814488,0.9496043997002106,1.0809900522266713
42,1.0,0.9675226345191889,0.9890982572324043,0.8691557247504832,0.9675226345193029,0.9890982508533005,0.8691598478091489,0.9563320205929915,0.9983046669055943,0.9420446044057145,0.9559859035379151,0.9979473537278233,0.9429977094410358,0.9562011752082628,0.9981471446685013,0.9420227132958457,0.9675226345176525,0.9890983111608951,0.8691591429644768,0.9675226345192957,0.9890982627197039,0.8691601103532314
43,1.0,1.0410127157470457,0.9927821650967202,0.872528527754263,0.9919619489945134,0.9624331569114094,0.9748995033650475,0.9920354884640563,0.9624977076051849,0.9748999173006344,0.9922241400497377,0.962640062662297,0.97489650871363,0.9920391207859776,0.9625014201775042,0.9748998953704646,0.9921110416748339,0.9625339137454958,0.9748958998775417,0.9919651336282044,0.9624346514031179,0.9748994735248344
44,1.0,1.0206014908452246,0.9356632770740638,0.9048325324034776,1.0174201879286502,0.9421760426192395,0.9073067763602077,1.011084717221433,0.9675446632757013,0.9717048103385336,1.0110775672971117,0.9675663550340587,0.9717047735764974,1.0079895106890113,0.9798451428316945,0.9763189765178928,1.0110525762236229,0.9676852320680435,0.971704547431591,1.0110799375627728,0.9675122816283867,0.971704776488256
45,1.0,1.0244877171340585,0.9514857688104963,0.9444171035142388,1.0146401053770648,0.9662206312399985,1.0014459957170903,1.0122044902453478,0.9786884944660639,1.005832322817479,1.012618018144371,0.9782651937023434,1.0060311730274558,1.012205820756173,0.97867002302237,1.0058314679730394,1.0121883495167578,0.9787153465363932,1.0058318907589225,1.012201090582542,0.9786894663808899,1.0058322318527735
46,1.0,1.0739508483426619,0.9231532286447207,0.9023756210719615,1.0258876392180636,0.9827857025247301,1.010243438881244,1.0258985890033399,0.9828070672289678,1.0102438248888217,1.0258912538938922,0.9827875427512375,1.0102437593825884,1.0258898387004767,0.9829208417935087,1.0102438968754133,1.0258935445925799,0.9827867017500662,1.0102435994002734,1.0258713895911464,0.9831141339343663,1.0102425943890583
47,1.0,0.9981087948896772,0.9620775958943978,0.9123417679311104,0.9891886614869191,0.984373638725449,0.9428450516148666,0.9794109767662658,0.9714077919381721,0.9781757551933045,0.9795090608095874,0.9716671224594343,0.978173585688515,0.9793710628642484,0.971417787379283,0.9781753833193435,0.9793496465309472,0.9713501696794407,0.978176016414155,0.989189107769007,0.9843730477368839,0.9428454950376778
48,1.0,0.9662760818596998,0.9896823016585796,0.8349658054396069,0.9633094918772949,0.9869895474579126,0.903094738072534,0.9534837092728274,0.97066376049985,0.9395247615946407,0.9532127815601653,0.9700826502561842,0.9395256308587856,0.9532307181587435,0.9701175885923911,0.9395256951194414,0.9535112791241381,0.9707187767405621,0.9395241799393114,0.9595390537672256,0.9846341205951967,0.9173356736514329
49,1.0,1.035464958846515,0.9729293554786234,0.9820136594224185,1.0305206575862882,0.9742400667554763,0.9959307353613472,1.025254242494711,0.962983898428139,1.0251230158835318,1.0259811455895453,0.9683805747072011,1.0152445521835416,1.026587849811282,0.9714198715270155,1.010153295534317,1.0252690679272143,0.9630206446154275,1.0251229718087354,1.0305211181226626,0.9742431641414954,0.995931848864165
50,1.0,1.119956950318772,0.9680257002960015,0.9349517728484656,1.1057359056390452,0.9571288849146293,1.0367636278550165,1.103729623937727,0.95582702361657,1.0980983392683026,1.1037352301503456,0.9557500948488965,1.098098309764384,1.105733738169812,0.95712578847597,1.0367638773879597,1.105735559610112,0.9571281752335786,1.0367636580819812,1.105734525795206,0.9571270084988879,1.036763653298831
51,1.0,1.0770533879590614,0.9841626955198552,1.0470904962905534,1.0770533879591406,0.9841626686079401,1.0470905068292329,1.072380007098517,0.994968306973606,1.071065017513181,1.0723800059455573,0.9949683041317559,1.0710650055804067,1.0723800098588918,0.994968298466472,1.07106500734893,1.0723757080113234,0.9949658512504279,1.0710575784114,1.077053387876346,0.9841633152129033,1.0470914683068404
52,1.0,1.2705102732758948,0.9216086868841571,1.2935561785074952,1.2705102732758946,0.9216086868841574,1.2935561851042185,1.2704955347291873,0.921610339194196,1.2935538661058448,1.2697691091017889,0.9216177617449168,1.2948679388390039,1.2705101169359256,0.921608690549131,1.29650280349003,1.2704836547149738,0.9216077237014392,1.2935536531293883,1.2705102028484114,0.9216087095355661,1.2935568325176245
53,1.0,1.0634566306417772,0.9972425865475821,1.0212433996591368,1.0616380285966165,0.9974349683789989,1.0310381073392987,1.059697750270634,0.9992771629839816,1.0410370618909361,1.0596483652993398,0.999256746346483,1.0410422579295135,1.0596520365847024,0.9992590948060307,1.0410423514461726,1.0596448460290833,0.9992550230756939,1.0410423665503894,1.0616413259849231,0.9974346397057079,1.0310381855997672
54,1.0,1.0531937390348667,0.932837118530575,0.8863903096939815,1.0229142316115756,0.9544501257031472,0.9002754451410598,1.0295486175572968,0.9810922599705374,0.9752571917740923,1.0270084851262768,0.9835741766835968,0.9713450686823537,1.0273606472433408,0.9832547206159702,0.9713438854498432,1.0269190410305866,0.9836541211534162,0.9713446972110242,1.0229129627587188,0.9544501736317645,0.9002759152370046
55,1.0,1.0614428545042716,0.9866992786786628,1.048244800380313,1.0614428545041252,0.9866992734939901,1.0482462294009185,1.0606223383773563,0.9914275130377407,1.0683124262264019,1.057015660035698,0.990144254148844,1.0624695448533605,1.0570138736062178,0.9901398600677424,1.0624695331944016,1.0570138997822753,0.9901505661962845,1.0624695618604123,1.056971385658284,0.9878946873389081,1.0588487399531479
56,1.0,1.0171463640410408,0.9420950113403861,0.9075535990243968,1.0161538353240434,0.9478063168241533,0.9095116774856613,1.0096590069401823,0.9298526904096828,1.0047146685819741,0.9993418841114705,0.9314685806130106,0.9624035741788208,0.9993816592631899,0.9315400619244104,0.9624035618787218,1.003412647858842,0.9477757628678902,0.9492286081677984,1.004174721812055,0.9406735856905339,0.9760839081252207
57,1.0,1.037460722619569,0.9928759178660672,1.0160331824498108,1.037460722658695,0.9928759261425395,1.0160341950615324,1.0355718398011586,0.9949917437303514,1.0305714981907745,1.034655729660977,0.9940640999960302,1.0296387104676368,1.0346478285369716,0.9940805990431739,1.0296383986146995,1.034656732152495,0.9940700783889419,1.0296393170595917,1.0374607226352728,0.9928742504877991,1.0160341358886609
58,1.0,1.0516621903382208,0.9964367283272987,1.036112439591813,1.0506759829572576,0.99781236892142,1.0452613235589643,1.049490702992259,0.9944960526631529,1.0504808682103073,1.0494907972064618,0.9944961576400798,1.0504809186623842,1.0506800271181589,0.9978024111430595,1.045261637229644,1.050674789219998,0.9978152932066995,1.0452612710940254,1.050675864522187,0.9978127204945573,1.0452611340175182
59,1.0,1.0477806806981702,0.9939850711025319,1.029392701887368,1.0477806806987349,0.993985069826938,1.0293929293607877,1.046737226379549,0.9943031974877914,1.048596104109601,1.0477806806952048,0.9939850129810198,1.0293923175328472,1.0477806805665597,0.9939853357802861,1.0293931094110806,1.0477806806905248,0.9939848495964987,1.0293930237207962,1.047780680698812,0.9939850725130391,1.0293926794866002
60,1.0,1.103137212716774,0.9925797501026092,1.0964124154834074,1.1023850744308683,0.9937852448870027,1.0976921769700485,1.0987325828852,0.9927010749756358,1.1065699774313824,1.1023915673849392,0.9937837563409733,1.0976921513355626,1.1023870795678625,0.9937894805804955,1.0976921622817428,1.1023858561852897,0.9937886765707307,1.0976922206454867,1.1023860149814109,0.9937867404697279,1.0976921622609943
61,1.0,1.0332858671458822,0.9506618995227447,0.9551443737583918,1.0215538295711017,0.9598873846306933,0.972785165485786,1.0219968174478609,0.9648372171886332,1.0172310162703238,1.0182077989380873,0.9692269539926348,0.9865629655929378,1.0181681328070338,0.9692670760125244,0.9865632433841721,1.0195106745498181,0.9693042171622018,0.9817746362239016,1.0215529233747525,0.9598830794445256,0.9727843128589022
62,1.0,1.0423581452580897,0.9386967661215072,1.003631986160901,1.0391890765125098,0.9546797664143947,1.0219136906341608,1.032841288508269,0.9754715351029826,1.0435966826863572,1.0392439458373128,0.9546162729443911,1.0219154493668283,1.0391830591821478,0.9546865020932578,1.0219145045770255,1.0391765684245604,0.9546936189531243,1.0219133774318003,1.0391911635469027,0.9546776125410414,1.02191341472055
63,1.0,0.976652734107348,0.9561771237004347,0.9030579003140828,0.9766527341073835,0.9561771288072348,0.9030582291907139,0.9674136349789278,0.9880664040042554,0.9534167945890182,0.9673981149040719,0.9880914645435347,0.9534184133221456,0.9674132526277912,0.9880759755844598,0.9534183401844608,0.9673955370293308,0.9880939328463756,0.9534184401800591,0.9684597087598117,0.984877102031201,0.9502340322277085
64,1.0,1.1175808623337413,0.9844381931811751,1.0115306080331143,1.0959841245741524,0.9898045933822126,1.0678986878359602,1.0912247755017186,0.9925041915540175,1.0772727173793553,1.09123334233091,0.9925073012447446,1.0772729208057985,1.0912126293271902,0.9921498890648073,1.0772142052873226,1.0959848984532883,0.9898071320346206,1.0678986442241725,1.095985605757068,0.9898074161740501,1.0678983625211647
65,1.0,1.1244423154292704,0.9620073976141779,1.0535301395196903,1.1147300527294561,0.9768645522308826,1.0716399854769052,1.1091453929768065,0.9575636604715353,1.0966073392172258,1.109170806409172,0.9575579473179158,1.0966065852857103,1.1090582703630083,0.9575819073803187,1.096608426329202,1.114707885027027,0.9768697856002462,1.0716398467910693,1.114656508969827,0.9768816198859174,1.0716398744412627
66,1.0,0.926175252464473,0.9669700765739632,0.8552323033615079,0.9210626828091177,0.9543738107290881,0.884259605397258,0.9150615925021419,0.9401257931026094,0.8989484603043535,0.9150595119569918,0.9401131478241576,0.8989484644577166,0.9210626735646377,0.954373924681373,0.8842590514197064,0.9210614115266714,0.9543719772305762,0.8842589633617671,0.9210618019739729,0.9543722870865173,0.884259148757979
67,1.0,0.9594040999804035,0.9721020995701579,0.9221623229224849,0.9589425498163373,0.9745545637564805,0.92283066433851,0.9554957056609458,0.9885534129447129,0.9471635574344499,0.9589424194191951,0.9745548601887227,0.9228306477174383,0.958942392686798,0.9745549462161566,0.9228305637049865,0.9589423927645815,0.9745548609613452,0.9228306589963478,0.9589423873046949,0.9745548870851298,0.9228306373316958
68,1.0,1.066308867154578,0.9626435532160124,0.9115209725367969,1.0441233524640947,0.9870472135107295,1.001776377840346,1.0416533750435772,0.9746055530623076,1.0163809346977672,1.0416493380900043,0.9746058412111324,1.0163809800623278,1.0441219941661062,0.987047148066828,1.0017764730634822,1.0441354071989999,0.9870488615816116,1.0017766742200094,1.0441125869822165,0.9870454944454705,1.0017765285328546
69,1.0,0.9757030122272535,0.9504505413337264,0.8938527769445688,0.9717807595950844,0.9558315887821289,0.9098225961590777,0.967752774328398,0.9318591594130746,0.9538532669243877,0.9676847813345106,0.9317981978332477,0.9538533754015195,0.9677204481393713,0.9319811143018936,0.953852508709041,0.967754931789011,0.9318581950907423,0.9538532981332944,0.9717748838758545,0.955832376864457,0.9098238306017156
70,1.0,1.006888164119478,0.9757878666577302,0.9221245597122381,1.0049244820230572,0.9853296856152398,0.9376209173899773,0.9976315203940888,0.9738941324806952,1.0104351562306257,0.9976340159019081,0.9738774526434886,1.0104351654815982,0.9968297392755638,0.972801613381963,1.010374771979565,0.99932279497548,0.9645245759587946,1.0195116425257287,1.0049246466632773,0.9853302923510792,0.9376183927825588
71,1.0,1.0906982025383933,0.9244860568964944,0.9916553788082988,1.0779980751611256,0.9237906738793763,1.0391077257653816,1.070284832822629,0.8899247768749884,1.0646986389592894,1.07040569009253,0.8902294066470868,1.0646988022165527,1.0779977541509083,0.9237905479687734,1.0391077691002755,1.0779988929939284,0.9237919093434835,1.0391077846351233,1.0779975089559095,0.9237921988670073,1.039106890000987
72,1.0,1.014537500898593,0.995052983495415,0.9648033806442224,1.0132631921510622,0.9928377241570174,0.9741586849763824,1.0059312830161269,0.9882065137648738,1.011599109913729,1.0059301188902947,0.9882228719872129,1.01159908153927,1.005884945070137,0.9882175726833908,1.0115987764059018,1.0059145171219335,0.9881795534128582,1.0115990550182068,1.0104633514939567,0.9905284575964209,1.004612589734975
73,1.0,0.9009592642126164,0.9924574035746754,0.8808032640557002,0.9009304768701468,0.9914776076818074,0.8815765886420001,0.8991967980019968,0.9909992344440137,0.893831169299109,0.899197718308364,0.9909970382978357,0.8938311440599105,0.900637887290203,0.9918252117103158,0.8816362681950152,0.9006387341440809,0.9918223928762928,0.881635587287664,0.9006380334669081,0.9918153169087718,0.8816353653658745
74,1.0,0.9999521419758631,0.972705514274262,0.9266319835493239,0.9979070278622284,0.9694036962292345,0.9357303742259404,0.996414542575375,0.956671175079348,0.9591232135962465,0.9958076224760634,0.9565187477298427,0.9525306886588004,0.9958175392354663,0.9566327999266978,0.9525307380546756,0.995803369708497,0.9565158075603766,0.9525305985655976,0.9963809738354542,0.9565268650072727,0.9591248581843159
75,1.0,1.0241488842654216,0.96527797361934,0.9284989964999063,1.0120490508519229,0.9817794157643064,0.9495774162471228,1.0081025894380604,0.9678501903097592,0.9930714679121062,1.0069920778696422,0.9702125246914138,0.9924971473570643,1.008202256952636,0.9646042113287101,0.9583996777320813,1.0120413492862952,0.981780367885309,0.9495775411611139,1.012051076616761,0.9817747376195781,0.9495774715358171
76,1.0,0.9960668917192901,0.9566424976568212,0.9039705248680938,0.9875958443829863,0.9685377200049423,0.9431944176748033,0.9860022317264894,0.9552111299034042,0.9662126834844894,0.985999429151068,0.9551961242477871,0.9662128322082302,0.9875991220966477,0.9685361745100461,0.9431938076436597,0.9875977467508322,0.9685336283938303,0.9431936492736901,0.9875917994309721,0.9685384307090145,0.9431944507281802
77,1.0,1.062242550627908,0.9577826346231862,0.9787394153059765,1.055854877145619,0.9700876659776841,1.0048412784974607,1.0486387487496076,0.9770289532250213,1.0433463192191637,1.0486354171870387,0.9770274925318378,1.0433455534091771,1.048634700890185,0.9770261879369081,1.0433456685791007,1.0486365932998496,0.9770288292987546,1.043346250821224,1.0488323892325777,0.9778525559723378,1.0444527789391453
78,1.0,0.9799165824379512,0.9182804345179167,0.9015295607816375,0.9773842405580847,0.9245293650926457,0.9232557892066732,0.9714621003270627,0.9068028313329636,0.9720473799529582,0.9686593851861616,0.9177934437502391,0.9712582045662497,0.9710978574545293,0.9039712135941502,0.9718873288037623,0.9773839799010774,0.924529575637131,0.9232560991800768,0.9773840181173755,0.9245295144238981,0.9232564194185512
79,1.0,0.9462685276082876,0.8859902049952167,0.8487673449276737,0.9408050501034644,0.9014486729408168,0.8863794054616524,0.9344109628358154,0.8668789294806638,0.9160471306141962,0.9314753691577528,0.8489821493058556,0.9322731612189817,0.9408167039387493,0.9014220236425768,0.8863798580309012,0.9408168565412974,0.9014213164637949,0.8863793688541043,0.9408434001873022,0.9013599943517092,0.8863795385184055
80,1.0,0.9996742463876871,0.9513094319891438,0.9314630664145025,0.9966749771886765,0.9546235187258666,0.9917595160405805,0.995194236081739,0.9501396282817861,1.00703204441683,0.9960454312245618,0.9552384978759709,0.9954298255540232,0.9966820044884411,0.954628291751319,0.991762241089883,0.9966688838753767,0.9546170282288319,0.9917590794649567,0.9966828308878088,0.954631544525302,0.9917605431998653
81,1.0,1.0073744475530984,0.9726765260088873,0.9058868414933369,0.9941982481668291,0.9736119516006171,0.9666052737358947,0.9945177742630756,0.9687706196203749,0.9708959722669368,0.9944721026496285,0.9688119567604484,0.9708955330793686,0.9944939962261066,0.9687378743628104,0.9708960148679096,0.9942005214357436,0.9735978299580601,0.9666053870112272,0.9942126337035423,0.9736002342844525,0.9666054525217391
82,1.0,0.9785300156044761,0.9846341095141558,0.8962967398787531,0.9639122633945076,0.9648183679294557,0.9314822947568941,0.9628454990088726,0.9652277514152957,0.946236739480834,0.9588735729277393,0.9513164127047806,0.9421487965533049,0.959288926383913,0.9612394702641862,0.9454397004385814,0.962585994335797,0.9545300050480063,0.9416382175072914,0.963910320209058,0.9648166101532504,0.9314814314806215
83,1.0,1.2334639593368983,0.9643622347720451,1.199351237164735,1.2310119296815332,0.9673021375350777,1.199724190093949,1.231253464172293,0.9675222101922253,1.1997245938772303,1.2311081960747314,0.9673900325620182,1.1997233453834144,1.230926582058548,0.9672219426542108,1.1997249985001475,1.230910511200494,0.9672097066603658,1.19972391036074,1.2310252262594013,0.9673154312142573,1.199723925439734
84,1.0,1.1660763727483854,0.9525019884767297,1.1582050066182557,1.1611310342474184,0.965906356672449,1.1740367098977347,1.1590460466450674,0.9588882240756385,1.1911289982207012,1.1590358116769393,0.9588116073391851,1.191128913548075,1.1589211856165236,0.9590203866383223,1.191128955083007,1.161112331878588,0.9659762495282533,1.1740366436257286,1.1611167737682615,0.9659687008804111,1.1740366373774285
85,1.0,1.1854893826646684,0.9810531169640484,1.1765690731874465,1.1836892129287484,0.9842086944256457,1.1865623797660656,1.183830214002221,0.9842288834750358,1.1881223394028568,1.1836885362760214,0.9842089563947238,1.1865623449969385,1.183269248525443,0.9852598565570271,1.191233375536116,1.183687083217594,0.9842094826709831,1.1865624490142133,1.1836863621862428,0.9842097512499443,1.1865623947108745
86,1.0,1.0908868168339352,0.9863871941606028,1.0335925661560428,1.0858664733651555,0.987325850385948,1.0491613914129498,1.0821519495747933,0.9799640977472157,1.088347429085387,1.0866380874531685,0.9822390474732772,1.0930984997723492,1.0824945120539542,0.9904071678701227,1.0884550382730387,1.0830208829759043,0.9833352574463674,1.086166641188199,1.0858727384344655,0.9873279888675607,1.049161472061896
87,1.0,1.0292521211126735,0.9941196656975289,0.9201141082431168,1.0265593968652489,0.9957618396488871,0.9283302272023582,1.0181226036723148,0.982782970199578,1.0169930188100942,1.0184751513204917,0.9771179804108462,1.0088884007135208,1.0198310845308451,0.980337674249904,1.0051287652828573,1.0178805272403486,0.9824227818396986,1.016989348977065,1.0181549345346002,0.9828395189784216,1.0169946340494203
88,1.0,1.0422909201667572,0.9996696908431132,0.9468603869761242,1.0177405115362168,0.9692198035723211,0.9970365621648142,1.0157695718602608,0.9688338248532848,0.9970936752268139,1.0148186051653245,0.9686061199519774,0.9970864848382524,1.0156239067853767,0.9688006190226838,0.997094014965074,1.0141776555060467,0.9684380533784055,0.9970700404327217,1.0154517278061939,0.9687581864324321,0.9970931260264377
89,1.0,1.0185728815711221,0.9966110515615721,0.9889198355151636,1.0185031879412956,0.9972489900049679,0.991546905402498,1.0166049994011146,0.9964296382957185,1.0110192792446577,1.0166022724165138,0.9964292477222914,1.0110192343506874,1.0182161345756033,0.998192371627087,0.9928089482082282,1.0182160572041206,0.9981925166792116,0.9928091413401501,1.0182161449725682,0.9981923676547485,0.9928089965631044
90,1.0,1.037925833726342,0.9817234298069494,0.9519569222695663,1.0338955573506339,0.9854906261487629,0.9945743131076986,1.0308977361810967,0.9804811913414976,1.0040856026234901,1.0336493267173545,0.9825691900589114,1.0292987121691244,1.0335459414011094,0.9825129780297263,1.0293024775594564,1.0338916496591732,0.9855214600298301,0.9945739124620198,1.0338901996778453,0.9855327836868994,0.9945738086088102
91,1.0,1.0121521975212624,0.9950625394890631,0.9230014384151823,1.0112681054579211,0.9946104066090043,0.9271072285365425,1.0085151922258304,0.9940163231868994,1.0049321525712236,1.0082988658803689,0.9940286545218667,1.0046634412484172,1.0051589150903943,0.9974161452477974,0.9992518864972061,1.0083072359550287,0.9940282447517681,1.0046636642026012,1.0083157310948767,0.9940274846683034,1.0046634815628008
92,1.0,1.0466823706075559,0.9871160992808412,0.9523313813397957,1.037786722312984,0.9986450442815009,0.99539403022491,1.0357928555737512,0.9946919738939963,1.0469268073810414,1.0327459533687935,0.9936730508358652,1.0478302646688604,1.0363056298766948,0.9927980219565529,1.0487177852810163,1.0377865852619574,0.9986450512829718,0.9953943081965463,1.0377865781850761,0.9986450521813822,0.9953931382290442
93,1.0,1.0098034416018247,0.9492689929441173,0.9011648503582337,0.9989172483096791,0.9308286232570436,0.9550249056114045,0.9963684945593613,0.9076001081386931,0.9980408039588812,0.9961198695088491,0.9102088347792395,0.9868427814452377,0.9970382396987123,0.9117056180407166,0.9968646620799012,0.9966096604296926,0.9082391241077064,0.9980528602766988,0.9970733500974199,0.9042585883972426,0.9964022101676415
94,1.0,1.1526608144412676,0.9868244444270612,1.1074260582804283,1.1519257225102342,0.9894593530982169,1.109417443771049,1.1478104301942722,0.9928500990047595,1.1435526109115501,1.147808618825452,0.9928482649989605,1.1435528869078142,1.1478097343874596,0.9928503054086966,1.1435524464167184,1.148662076335245,0.9937186139594832,1.1374387901085719,1.1519257197807344,0.9894593571056736,1.1094174868862667
95,1.0,0.9873317919316963,0.9631474720642774,0.843433117800171,0.9802520576725925,0.9508786461333463,0.8659520406237107,0.9744648149104542,0.9509112877361132,0.9759423855150972,0.9744661809120975,0.9509172846958412,0.9759428426028949,0.9744714167071307,0.9509191084225518,0.9759424549531555,0.9744551332960047,0.9508964022970768,0.9759424848090563,0.9744706034113858,0.9509236169629949,0.9759424446585178
96,1.0,1.2270545076916672,0.9209704820540976,1.1579172151994144,1.2206490992302859,0.9363375715669644,1.160197472622266,1.2239114242552727,0.9172651457791052,1.1830518329085635,1.223901128563036,0.9170096177432355,1.1830629411389368,1.2238874993552746,0.9169200370708102,1.1830626362930097,1.222691274249925,0.9312458703173287,1.1700596178712275,1.222582219696232,0.9315143777265278,1.1700596687544775
97,1.0,1.1424686218073319,0.9593373778390559,1.0397337006849103,1.1110893221199436,0.9804029674090051,1.0925231784688765,1.1168533059301222,0.9718234676485612,1.097142132707108,1.111102883700834,0.9804071946878802,1.0925231799491126,1.1110933801119607,0.9804008098211938,1.092523177980612,1.1111041725272548,0.980399289822167,1.092523175547385,1.1110891418642201,0.9804049729299485,1.09252317877662
98,1.0,1.031082808999557,0.9855604953031369,1.0213633040040382,1.029248784372929,0.984376515896543,1.027675513465982,1.0290086595507089,0.9863457143486735,1.0292775617819965,1.0290087577472091,0.9863457110870235,1.0292779390420763,1.0290112277001189,0.9863482193657857,1.0292787253545264,1.029011368832793,0.9863472792541788,1.0292790156952663,1.0290113801974596,0.9863469539076964,1.029278896530155
99,1.0,0.9373312431985568,0.9440386860475783,0.8290090165307751,0.937331243198555,0.9440386814217667,0.8290129009766202,0.9318483664513422,0.9380650860422622,0.9323987363268402,0.9229742000854083,0.9301592489281827,0.9274919271495764,0.9276785884635167,0.9351834573416231,0.9302715902967548,0.9256152862385622,0.9352895038578874,0.913395008533139,0.9304707632629442,0.9381472246669469,0.8684359168344691
